MapDate,UrbanArea,None,D0,D1,D2,D3,D4,ValidStart,ValidEnd,StatisticFormatID
20211214,"Abbeville, LA",11.40,0.00,0.00,0.00,0.00,0.00,2021-12-14,2021-12-20,2
20211207,"Abbeville, LA",11.40,0.00,0.00,0.00,0.00,0.00,2021-12-07,2021-12-13,2
20211130,"Abbeville, LA",11.40,0.00,0.00,0.00,0.00,0.00,2021-11-30,2021-12-06,2
20211123,"Abbeville, LA",11.40,0.00,0.00,0.00,0.00,0.00,2021-11-23,2021-11-29,2
20211116,"Abbeville, LA",11.40,0.00,0.00,0.00,0.00,0.00,2021-11-16,2021-11-22,2
20211109,"Abbeville, LA",11.40,0.00,0.00,0.00,0.00,0.00,2021-11-09,2021-11-15,2
20211102,"Abbeville, LA",11.40,0.00,0.00,0.00,0.00,0.00,2021-11-02,2021-11-08,2
20211026,"Abbeville, LA",11.40,0.00,0.00,0.00,0.00,0.00,2021-10-26,2021-11-01,2
20211019,"Abbeville, LA",11.40,0.00,0.00,0.00,0.00,0.00,2021-10-19,2021-10-25,2
20211012,"Abbeville, LA",11.40,0.00,0.00,0.00,0.00,0.00,2021-10-12,2021-10-18,2
20211005,"Abbeville, LA",11.40,0.00,0.00,0.00,0.00,0.00,2021-10-05,2021-10-11,2
20210928,"Abbeville, LA",11.40,0.00,0.00,0.00,0.00,0.00,2021-09-28,2021-10-04,2
20210921,"Abbeville, LA",11.40,0.00,0.00,0.00,0.00,0.00,2021-09-21,2021-09-27,2
20210914,"Abbeville, LA",11.40,0.00,0.00,0.00,0.00,0.00,2021-09-14,2021-09-20,2
20210907,"Abbeville, LA",11.40,0.00,0.00,0.00,0.00,0.00,2021-09-07,2021-09-13,2
20210831,"Abbeville, LA",11.40,0.00,0.00,0.00,0.00,0.00,2021-08-31,2021-09-06,2
20210824,"Abbeville, LA",11.40,0.00,0.00,0.00,0.00,0.00,2021-08-24,2021-08-30,2
20210817,"Abbeville, LA",11.40,0.00,0.00,0.00,0.00,0.00,2021-08-17,2021-08-23,2
20210810,"Abbeville, LA",11.40,0.00,0.00,0.00,0.00,0.00,2021-08-10,2021-08-16,2
20210803,"Abbeville, LA",11.40,0.00,0.00,0.00,0.00,0.00,2021-08-03,2021-08-09,2
20210727,"Abbeville, LA",11.40,0.00,0.00,0.00,0.00,0.00,2021-07-27,2021-08-02,2
20210720,"Abbeville, LA",11.40,0.00,0.00,0.00,0.00,0.00,2021-07-20,2021-07-26,2
20210713,"Abbeville, LA",11.40,0.00,0.00,0.00,0.00,0.00,2021-07-13,2021-07-19,2
20210706,"Abbeville, LA",11.40,0.00,0.00,0.00,0.00,0.00,2021-07-06,2021-07-12,2
20210629,"Abbeville, LA",11.40,0.00,0.00,0.00,0.00,0.00,2021-06-29,2021-07-05,2
20210622,"Abbeville, LA",11.40,0.00,0.00,0.00,0.00,0.00,2021-06-22,2021-06-28,2
20210615,"Abbeville, LA",11.40,0.00,0.00,0.00,0.00,0.00,2021-06-15,2021-06-21,2
20210608,"Abbeville, LA",11.40,0.00,0.00,0.00,0.00,0.00,2021-06-08,2021-06-14,2
20210601,"Abbeville, LA",11.40,0.00,0.00,0.00,0.00,0.00,2021-06-01,2021-06-07,2
20210525,"Abbeville, LA",11.40,0.00,0.00,0.00,0.00,0.00,2021-05-25,2021-05-31,2
20210518,"Abbeville, LA",11.40,0.00,0.00,0.00,0.00,0.00,2021-05-18,2021-05-24,2
20210511,"Abbeville, LA",11.40,0.00,0.00,0.00,0.00,0.00,2021-05-11,2021-05-17,2
20210504,"Abbeville, LA",11.40,0.00,0.00,0.00,0.00,0.00,2021-05-04,2021-05-10,2
20210427,"Abbeville, LA",11.40,0.00,0.00,0.00,0.00,0.00,2021-04-27,2021-05-03,2
20210420,"Abbeville, LA",11.40,0.00,0.00,0.00,0.00,0.00,2021-04-20,2021-04-26,2
20210413,"Abbeville, LA",11.40,0.00,0.00,0.00,0.00,0.00,2021-04-13,2021-04-19,2
20210406,"Abbeville, LA",11.40,0.00,0.00,0.00,0.00,0.00,2021-04-06,2021-04-12,2
20210330,"Abbeville, LA",11.40,0.00,0.00,0.00,0.00,0.00,2021-03-30,2021-04-05,2
20210323,"Abbeville, LA",11.40,0.00,0.00,0.00,0.00,0.00,2021-03-23,2021-03-29,2
20210316,"Abbeville, LA",0.00,11.40,0.00,0.00,0.00,0.00,2021-03-16,2021-03-22,2
20210309,"Abbeville, LA",10.17,1.23,0.00,0.00,0.00,0.00,2021-03-09,2021-03-15,2
20210302,"Abbeville, LA",10.17,1.23,0.00,0.00,0.00,0.00,2021-03-02,2021-03-08,2
20210223,"Abbeville, LA",9.96,1.44,0.00,0.00,0.00,0.00,2021-02-23,2021-03-01,2
20210216,"Abbeville, LA",9.96,1.44,0.00,0.00,0.00,0.00,2021-02-16,2021-02-22,2
20210209,"Abbeville, LA",0.00,11.40,0.00,0.00,0.00,0.00,2021-02-09,2021-02-15,2
20210202,"Abbeville, LA",0.00,11.40,0.00,0.00,0.00,0.00,2021-02-02,2021-02-08,2
20210126,"Abbeville, LA",0.00,11.40,0.00,0.00,0.00,0.00,2021-01-26,2021-02-01,2
20210119,"Abbeville, LA",10.45,0.95,0.00,0.00,0.00,0.00,2021-01-19,2021-01-25,2
20210112,"Abbeville, LA",11.06,0.34,0.00,0.00,0.00,0.00,2021-01-12,2021-01-18,2
20210105,"Abbeville, LA",11.06,0.34,0.00,0.00,0.00,0.00,2021-01-05,2021-01-11,2
20201229,"Abbeville, LA",11.40,0.00,0.00,0.00,0.00,0.00,2020-12-29,2021-01-04,2
20201222,"Abbeville, LA",11.40,0.00,0.00,0.00,0.00,0.00,2020-12-22,2020-12-28,2
20201215,"Abbeville, LA",11.40,0.00,0.00,0.00,0.00,0.00,2020-12-15,2020-12-21,2
20201208,"Abbeville, LA",11.40,0.00,0.00,0.00,0.00,0.00,2020-12-08,2020-12-14,2
20201201,"Abbeville, LA",11.40,0.00,0.00,0.00,0.00,0.00,2020-12-01,2020-12-07,2
20201124,"Abbeville, LA",0.00,11.40,0.00,0.00,0.00,0.00,2020-11-24,2020-11-30,2
20201117,"Abbeville, LA",11.40,0.00,0.00,0.00,0.00,0.00,2020-11-17,2020-11-23,2
20201110,"Abbeville, LA",11.40,0.00,0.00,0.00,0.00,0.00,2020-11-10,2020-11-16,2
20201103,"Abbeville, LA",11.40,0.00,0.00,0.00,0.00,0.00,2020-11-03,2020-11-09,2
20201027,"Abbeville, LA",11.40,0.00,0.00,0.00,0.00,0.00,2020-10-27,2020-11-02,2
20201020,"Abbeville, LA",11.40,0.00,0.00,0.00,0.00,0.00,2020-10-20,2020-10-26,2
20201013,"Abbeville, LA",11.40,0.00,0.00,0.00,0.00,0.00,2020-10-13,2020-10-19,2
20201006,"Abbeville, LA",11.40,0.00,0.00,0.00,0.00,0.00,2020-10-06,2020-10-12,2
20200929,"Abbeville, LA",11.40,0.00,0.00,0.00,0.00,0.00,2020-09-29,2020-10-05,2
20200922,"Abbeville, LA",11.40,0.00,0.00,0.00,0.00,0.00,2020-09-22,2020-09-28,2
20200915,"Abbeville, LA",11.40,0.00,0.00,0.00,0.00,0.00,2020-09-15,2020-09-21,2
20200908,"Abbeville, LA",11.40,0.00,0.00,0.00,0.00,0.00,2020-09-08,2020-09-14,2
20200901,"Abbeville, LA",11.40,0.00,0.00,0.00,0.00,0.00,2020-09-01,2020-09-07,2
20200825,"Abbeville, LA",11.40,0.00,0.00,0.00,0.00,0.00,2020-08-25,2020-08-31,2
20200818,"Abbeville, LA",11.40,0.00,0.00,0.00,0.00,0.00,2020-08-18,2020-08-24,2
20200811,"Abbeville, LA",11.40,0.00,0.00,0.00,0.00,0.00,2020-08-11,2020-08-17,2
20200804,"Abbeville, LA",11.40,0.00,0.00,0.00,0.00,0.00,2020-08-04,2020-08-10,2
20200728,"Abbeville, LA",11.40,0.00,0.00,0.00,0.00,0.00,2020-07-28,2020-08-03,2
20200721,"Abbeville, LA",11.40,0.00,0.00,0.00,0.00,0.00,2020-07-21,2020-07-27,2
20200714,"Abbeville, LA",11.40,0.00,0.00,0.00,0.00,0.00,2020-07-14,2020-07-20,2
20200707,"Abbeville, LA",11.40,0.00,0.00,0.00,0.00,0.00,2020-07-07,2020-07-13,2
20200630,"Abbeville, LA",11.40,0.00,0.00,0.00,0.00,0.00,2020-06-30,2020-07-06,2
20200623,"Abbeville, LA",11.40,0.00,0.00,0.00,0.00,0.00,2020-06-23,2020-06-29,2
20200616,"Abbeville, LA",11.40,0.00,0.00,0.00,0.00,0.00,2020-06-16,2020-06-22,2
20200609,"Abbeville, LA",11.40,0.00,0.00,0.00,0.00,0.00,2020-06-09,2020-06-15,2
20200602,"Abbeville, LA",11.40,0.00,0.00,0.00,0.00,0.00,2020-06-02,2020-06-08,2
20200526,"Abbeville, LA",11.40,0.00,0.00,0.00,0.00,0.00,2020-05-26,2020-06-01,2
20200519,"Abbeville, LA",11.40,0.00,0.00,0.00,0.00,0.00,2020-05-19,2020-05-25,2
20200512,"Abbeville, LA",11.40,0.00,0.00,0.00,0.00,0.00,2020-05-12,2020-05-18,2
20200505,"Abbeville, LA",0.00,11.40,0.00,0.00,0.00,0.00,2020-05-05,2020-05-11,2
20200428,"Abbeville, LA",0.00,11.40,0.00,0.00,0.00,0.00,2020-04-28,2020-05-04,2
20200421,"Abbeville, LA",0.00,11.40,0.00,0.00,0.00,0.00,2020-04-21,2020-04-27,2
20200414,"Abbeville, LA",0.00,11.40,0.00,0.00,0.00,0.00,2020-04-14,2020-04-20,2
20200407,"Abbeville, LA",0.00,11.40,0.00,0.00,0.00,0.00,2020-04-07,2020-04-13,2
20200331,"Abbeville, LA",1.89,9.51,0.00,0.00,0.00,0.00,2020-03-31,2020-04-06,2
20200324,"Abbeville, LA",1.89,9.51,0.00,0.00,0.00,0.00,2020-03-24,2020-03-30,2
20200317,"Abbeville, LA",1.89,9.51,0.00,0.00,0.00,0.00,2020-03-17,2020-03-23,2
20200310,"Abbeville, LA",1.89,9.51,0.00,0.00,0.00,0.00,2020-03-10,2020-03-16,2
20200303,"Abbeville, LA",11.40,0.00,0.00,0.00,0.00,0.00,2020-03-03,2020-03-09,2
20200225,"Abbeville, LA",11.40,0.00,0.00,0.00,0.00,0.00,2020-02-25,2020-03-02,2
20200218,"Abbeville, LA",4.33,7.07,0.00,0.00,0.00,0.00,2020-02-18,2020-02-24,2
20200211,"Abbeville, LA",1.53,9.87,0.00,0.00,0.00,0.00,2020-02-11,2020-02-17,2
20200204,"Abbeville, LA",0.00,11.40,0.00,0.00,0.00,0.00,2020-02-04,2020-02-10,2
20200128,"Abbeville, LA",0.00,11.40,0.00,0.00,0.00,0.00,2020-01-28,2020-02-03,2
20200121,"Abbeville, LA",0.00,11.40,0.00,0.00,0.00,0.00,2020-01-21,2020-01-27,2
20200114,"Abbeville, LA",0.00,11.40,0.00,0.00,0.00,0.00,2020-01-14,2020-01-20,2
20200107,"Abbeville, LA",0.00,11.40,0.00,0.00,0.00,0.00,2020-01-07,2020-01-13,2
20191231,"Abbeville, LA",0.00,11.40,0.00,0.00,0.00,0.00,2019-12-31,2020-01-06,2
20191224,"Abbeville, LA",0.00,11.40,0.00,0.00,0.00,0.00,2019-12-24,2019-12-30,2
20191217,"Abbeville, LA",0.00,11.40,0.00,0.00,0.00,0.00,2019-12-17,2019-12-23,2
20191210,"Abbeville, LA",0.00,11.40,0.00,0.00,0.00,0.00,2019-12-10,2019-12-16,2
20191203,"Abbeville, LA",1.02,10.38,0.00,0.00,0.00,0.00,2019-12-03,2019-12-09,2
20191126,"Abbeville, LA",11.40,0.00,0.00,0.00,0.00,0.00,2019-11-26,2019-12-02,2
20191119,"Abbeville, LA",11.40,0.00,0.00,0.00,0.00,0.00,2019-11-19,2019-11-25,2
20191112,"Abbeville, LA",11.40,0.00,0.00,0.00,0.00,0.00,2019-11-12,2019-11-18,2
20191105,"Abbeville, LA",11.40,0.00,0.00,0.00,0.00,0.00,2019-11-05,2019-11-11,2
20191029,"Abbeville, LA",11.40,0.00,0.00,0.00,0.00,0.00,2019-10-29,2019-11-04,2
20191022,"Abbeville, LA",11.40,0.00,0.00,0.00,0.00,0.00,2019-10-22,2019-10-28,2
20191015,"Abbeville, LA",11.40,0.00,0.00,0.00,0.00,0.00,2019-10-15,2019-10-21,2
20191008,"Abbeville, LA",11.40,0.00,0.00,0.00,0.00,0.00,2019-10-08,2019-10-14,2
20191001,"Abbeville, LA",11.40,0.00,0.00,0.00,0.00,0.00,2019-10-01,2019-10-07,2
20190924,"Abbeville, LA",11.40,0.00,0.00,0.00,0.00,0.00,2019-09-24,2019-09-30,2
20190917,"Abbeville, LA",11.40,0.00,0.00,0.00,0.00,0.00,2019-09-17,2019-09-23,2
20190910,"Abbeville, LA",11.40,0.00,0.00,0.00,0.00,0.00,2019-09-10,2019-09-16,2
20190903,"Abbeville, LA",11.40,0.00,0.00,0.00,0.00,0.00,2019-09-03,2019-09-09,2
20190827,"Abbeville, LA",11.40,0.00,0.00,0.00,0.00,0.00,2019-08-27,2019-09-02,2
20190820,"Abbeville, LA",11.40,0.00,0.00,0.00,0.00,0.00,2019-08-20,2019-08-26,2
20190813,"Abbeville, LA",11.40,0.00,0.00,0.00,0.00,0.00,2019-08-13,2019-08-19,2
20190806,"Abbeville, LA",11.40,0.00,0.00,0.00,0.00,0.00,2019-08-06,2019-08-12,2
20190730,"Abbeville, LA",11.40,0.00,0.00,0.00,0.00,0.00,2019-07-30,2019-08-05,2
20190723,"Abbeville, LA",11.40,0.00,0.00,0.00,0.00,0.00,2019-07-23,2019-07-29,2
20190716,"Abbeville, LA",11.40,0.00,0.00,0.00,0.00,0.00,2019-07-16,2019-07-22,2
20190709,"Abbeville, LA",11.40,0.00,0.00,0.00,0.00,0.00,2019-07-09,2019-07-15,2
20190702,"Abbeville, LA",11.40,0.00,0.00,0.00,0.00,0.00,2019-07-02,2019-07-08,2
20190625,"Abbeville, LA",11.40,0.00,0.00,0.00,0.00,0.00,2019-06-25,2019-07-01,2
20190618,"Abbeville, LA",11.40,0.00,0.00,0.00,0.00,0.00,2019-06-18,2019-06-24,2
20190611,"Abbeville, LA",11.40,0.00,0.00,0.00,0.00,0.00,2019-06-11,2019-06-17,2
20190604,"Abbeville, LA",11.40,0.00,0.00,0.00,0.00,0.00,2019-06-04,2019-06-10,2
20190528,"Abbeville, LA",11.40,0.00,0.00,0.00,0.00,0.00,2019-05-28,2019-06-03,2
20190521,"Abbeville, LA",11.40,0.00,0.00,0.00,0.00,0.00,2019-05-21,2019-05-27,2
20190514,"Abbeville, LA",11.40,0.00,0.00,0.00,0.00,0.00,2019-05-14,2019-05-20,2
20190507,"Abbeville, LA",11.40,0.00,0.00,0.00,0.00,0.00,2019-05-07,2019-05-13,2
20190430,"Abbeville, LA",11.40,0.00,0.00,0.00,0.00,0.00,2019-04-30,2019-05-06,2
20190423,"Abbeville, LA",11.40,0.00,0.00,0.00,0.00,0.00,2019-04-23,2019-04-29,2
20190416,"Abbeville, LA",11.40,0.00,0.00,0.00,0.00,0.00,2019-04-16,2019-04-22,2
20190409,"Abbeville, LA",11.40,0.00,0.00,0.00,0.00,0.00,2019-04-09,2019-04-15,2
20190402,"Abbeville, LA",0.00,11.40,0.00,0.00,0.00,0.00,2019-04-02,2019-04-08,2
20190326,"Abbeville, LA",10.60,0.80,0.00,0.00,0.00,0.00,2019-03-26,2019-04-01,2
20190319,"Abbeville, LA",11.40,0.00,0.00,0.00,0.00,0.00,2019-03-19,2019-03-25,2
20190312,"Abbeville, LA",11.40,0.00,0.00,0.00,0.00,0.00,2019-03-12,2019-03-18,2
20190305,"Abbeville, LA",11.40,0.00,0.00,0.00,0.00,0.00,2019-03-05,2019-03-11,2
20190226,"Abbeville, LA",7.09,4.31,0.00,0.00,0.00,0.00,2019-02-26,2019-03-04,2
20190219,"Abbeville, LA",7.09,4.31,0.00,0.00,0.00,0.00,2019-02-19,2019-02-25,2
20190212,"Abbeville, LA",7.09,4.31,0.00,0.00,0.00,0.00,2019-02-12,2019-02-18,2
20190205,"Abbeville, LA",11.40,0.00,0.00,0.00,0.00,0.00,2019-02-05,2019-02-11,2
20190129,"Abbeville, LA",11.40,0.00,0.00,0.00,0.00,0.00,2019-01-29,2019-02-04,2
20190122,"Abbeville, LA",11.40,0.00,0.00,0.00,0.00,0.00,2019-01-22,2019-01-28,2
20190115,"Abbeville, LA",11.40,0.00,0.00,0.00,0.00,0.00,2019-01-15,2019-01-21,2
20190108,"Abbeville, LA",11.40,0.00,0.00,0.00,0.00,0.00,2019-01-08,2019-01-14,2
20190101,"Abbeville, LA",11.40,0.00,0.00,0.00,0.00,0.00,2019-01-01,2019-01-07,2
20181225,"Abbeville, LA",11.40,0.00,0.00,0.00,0.00,0.00,2018-12-25,2018-12-31,2
20181218,"Abbeville, LA",11.40,0.00,0.00,0.00,0.00,0.00,2018-12-18,2018-12-24,2
20181211,"Abbeville, LA",11.40,0.00,0.00,0.00,0.00,0.00,2018-12-11,2018-12-17,2
20181204,"Abbeville, LA",11.40,0.00,0.00,0.00,0.00,0.00,2018-12-04,2018-12-10,2
20181127,"Abbeville, LA",11.40,0.00,0.00,0.00,0.00,0.00,2018-11-27,2018-12-03,2
20181120,"Abbeville, LA",11.40,0.00,0.00,0.00,0.00,0.00,2018-11-20,2018-11-26,2
20181113,"Abbeville, LA",11.40,0.00,0.00,0.00,0.00,0.00,2018-11-13,2018-11-19,2
20181106,"Abbeville, LA",11.40,0.00,0.00,0.00,0.00,0.00,2018-11-06,2018-11-12,2
20181030,"Abbeville, LA",11.40,0.00,0.00,0.00,0.00,0.00,2018-10-30,2018-11-05,2
20181023,"Abbeville, LA",11.40,0.00,0.00,0.00,0.00,0.00,2018-10-23,2018-10-29,2
20181016,"Abbeville, LA",11.40,0.00,0.00,0.00,0.00,0.00,2018-10-16,2018-10-22,2
20181009,"Abbeville, LA",11.40,0.00,0.00,0.00,0.00,0.00,2018-10-09,2018-10-15,2
20181002,"Abbeville, LA",11.40,0.00,0.00,0.00,0.00,0.00,2018-10-02,2018-10-08,2
20180925,"Abbeville, LA",11.40,0.00,0.00,0.00,0.00,0.00,2018-09-25,2018-10-01,2
20180918,"Abbeville, LA",11.40,0.00,0.00,0.00,0.00,0.00,2018-09-18,2018-09-24,2
20180911,"Abbeville, LA",11.40,0.00,0.00,0.00,0.00,0.00,2018-09-11,2018-09-17,2
20180904,"Abbeville, LA",11.40,0.00,0.00,0.00,0.00,0.00,2018-09-04,2018-09-10,2
20180828,"Abbeville, LA",0.06,11.34,0.00,0.00,0.00,0.00,2018-08-28,2018-09-03,2
20180821,"Abbeville, LA",0.02,11.38,0.00,0.00,0.00,0.00,2018-08-21,2018-08-27,2
20180814,"Abbeville, LA",0.05,11.35,0.00,0.00,0.00,0.00,2018-08-14,2018-08-20,2
20180807,"Abbeville, LA",0.05,11.35,0.00,0.00,0.00,0.00,2018-08-07,2018-08-13,2
20180731,"Abbeville, LA",0.05,11.35,0.00,0.00,0.00,0.00,2018-07-31,2018-08-06,2
20180724,"Abbeville, LA",0.14,11.26,0.00,0.00,0.00,0.00,2018-07-24,2018-07-30,2
20180717,"Abbeville, LA",0.14,11.26,0.00,0.00,0.00,0.00,2018-07-17,2018-07-23,2
20180710,"Abbeville, LA",0.00,11.40,0.00,0.00,0.00,0.00,2018-07-10,2018-07-16,2
20180703,"Abbeville, LA",0.00,11.40,0.00,0.00,0.00,0.00,2018-07-03,2018-07-09,2
20180626,"Abbeville, LA",0.00,11.40,0.00,0.00,0.00,0.00,2018-06-26,2018-07-02,2
20180619,"Abbeville, LA",11.40,0.00,0.00,0.00,0.00,0.00,2018-06-19,2018-06-25,2
20180612,"Abbeville, LA",0.00,11.40,0.00,0.00,0.00,0.00,2018-06-12,2018-06-18,2
20180605,"Abbeville, LA",0.00,11.40,0.00,0.00,0.00,0.00,2018-06-05,2018-06-11,2
20180529,"Abbeville, LA",0.00,11.40,0.00,0.00,0.00,0.00,2018-05-29,2018-06-04,2
20180522,"Abbeville, LA",0.00,11.40,0.00,0.00,0.00,0.00,2018-05-22,2018-05-28,2
20180515,"Abbeville, LA",0.00,11.40,0.00,0.00,0.00,0.00,2018-05-15,2018-05-21,2
20180508,"Abbeville, LA",11.40,0.00,0.00,0.00,0.00,0.00,2018-05-08,2018-05-14,2
20180501,"Abbeville, LA",11.40,0.00,0.00,0.00,0.00,0.00,2018-05-01,2018-05-07,2
20180424,"Abbeville, LA",11.40,0.00,0.00,0.00,0.00,0.00,2018-04-24,2018-04-30,2
20180417,"Abbeville, LA",11.40,0.00,0.00,0.00,0.00,0.00,2018-04-17,2018-04-23,2
20180410,"Abbeville, LA",11.40,0.00,0.00,0.00,0.00,0.00,2018-04-10,2018-04-16,2
20180403,"Abbeville, LA",11.40,0.00,0.00,0.00,0.00,0.00,2018-04-03,2018-04-09,2
20180327,"Abbeville, LA",11.40,0.00,0.00,0.00,0.00,0.00,2018-03-27,2018-04-02,2
20180320,"Abbeville, LA",11.40,0.00,0.00,0.00,0.00,0.00,2018-03-20,2018-03-26,2
20180313,"Abbeville, LA",11.40,0.00,0.00,0.00,0.00,0.00,2018-03-13,2018-03-19,2
20180306,"Abbeville, LA",11.40,0.00,0.00,0.00,0.00,0.00,2018-03-06,2018-03-12,2
20180227,"Abbeville, LA",11.40,0.00,0.00,0.00,0.00,0.00,2018-02-27,2018-03-05,2
20180220,"Abbeville, LA",11.40,0.00,0.00,0.00,0.00,0.00,2018-02-20,2018-02-26,2
20180213,"Abbeville, LA",11.40,0.00,0.00,0.00,0.00,0.00,2018-02-13,2018-02-19,2
20180206,"Abbeville, LA",11.40,0.00,0.00,0.00,0.00,0.00,2018-02-06,2018-02-12,2
20180130,"Abbeville, LA",11.40,0.00,0.00,0.00,0.00,0.00,2018-01-30,2018-02-05,2
20180123,"Abbeville, LA",11.40,0.00,0.00,0.00,0.00,0.00,2018-01-23,2018-01-29,2
20180116,"Abbeville, LA",11.40,0.00,0.00,0.00,0.00,0.00,2018-01-16,2018-01-22,2
20180109,"Abbeville, LA",11.40,0.00,0.00,0.00,0.00,0.00,2018-01-09,2018-01-15,2
20180102,"Abbeville, LA",11.40,0.00,0.00,0.00,0.00,0.00,2018-01-02,2018-01-08,2
20171226,"Abbeville, LA",11.40,0.00,0.00,0.00,0.00,0.00,2017-12-26,2018-01-01,2
20171219,"Abbeville, LA",11.40,0.00,0.00,0.00,0.00,0.00,2017-12-19,2017-12-25,2
20171212,"Abbeville, LA",11.40,0.00,0.00,0.00,0.00,0.00,2017-12-12,2017-12-18,2
20171205,"Abbeville, LA",0.05,11.35,0.00,0.00,0.00,0.00,2017-12-05,2017-12-11,2
20171128,"Abbeville, LA",0.08,11.31,0.00,0.00,0.00,0.00,2017-11-28,2017-12-04,2
20171121,"Abbeville, LA",11.40,0.00,0.00,0.00,0.00,0.00,2017-11-21,2017-11-27,2
20171114,"Abbeville, LA",11.40,0.00,0.00,0.00,0.00,0.00,2017-11-14,2017-11-20,2
20171107,"Abbeville, LA",11.40,0.00,0.00,0.00,0.00,0.00,2017-11-07,2017-11-13,2
20171031,"Abbeville, LA",11.40,0.00,0.00,0.00,0.00,0.00,2017-10-31,2017-11-06,2
20171024,"Abbeville, LA",11.40,0.00,0.00,0.00,0.00,0.00,2017-10-24,2017-10-30,2
20171017,"Abbeville, LA",11.40,0.00,0.00,0.00,0.00,0.00,2017-10-17,2017-10-23,2
20171010,"Abbeville, LA",11.40,0.00,0.00,0.00,0.00,0.00,2017-10-10,2017-10-16,2
20171003,"Abbeville, LA",11.40,0.00,0.00,0.00,0.00,0.00,2017-10-03,2017-10-09,2
20170926,"Abbeville, LA",11.40,0.00,0.00,0.00,0.00,0.00,2017-09-26,2017-10-02,2
20170919,"Abbeville, LA",11.40,0.00,0.00,0.00,0.00,0.00,2017-09-19,2017-09-25,2
20170912,"Abbeville, LA",11.40,0.00,0.00,0.00,0.00,0.00,2017-09-12,2017-09-18,2
20170905,"Abbeville, LA",11.40,0.00,0.00,0.00,0.00,0.00,2017-09-05,2017-09-11,2
20170829,"Abbeville, LA",11.40,0.00,0.00,0.00,0.00,0.00,2017-08-29,2017-09-04,2
20170822,"Abbeville, LA",11.40,0.00,0.00,0.00,0.00,0.00,2017-08-22,2017-08-28,2
20170815,"Abbeville, LA",11.40,0.00,0.00,0.00,0.00,0.00,2017-08-15,2017-08-21,2
20170808,"Abbeville, LA",11.40,0.00,0.00,0.00,0.00,0.00,2017-08-08,2017-08-14,2
20170801,"Abbeville, LA",11.40,0.00,0.00,0.00,0.00,0.00,2017-08-01,2017-08-07,2
20170725,"Abbeville, LA",11.40,0.00,0.00,0.00,0.00,0.00,2017-07-25,2017-07-31,2
20170718,"Abbeville, LA",11.40,0.00,0.00,0.00,0.00,0.00,2017-07-18,2017-07-24,2
20170711,"Abbeville, LA",11.40,0.00,0.00,0.00,0.00,0.00,2017-07-11,2017-07-17,2
20170704,"Abbeville, LA",11.40,0.00,0.00,0.00,0.00,0.00,2017-07-04,2017-07-10,2
20170627,"Abbeville, LA",11.40,0.00,0.00,0.00,0.00,0.00,2017-06-27,2017-07-03,2
20170620,"Abbeville, LA",11.40,0.00,0.00,0.00,0.00,0.00,2017-06-20,2017-06-26,2
20170613,"Abbeville, LA",11.40,0.00,0.00,0.00,0.00,0.00,2017-06-13,2017-06-19,2
20170606,"Abbeville, LA",11.40,0.00,0.00,0.00,0.00,0.00,2017-06-06,2017-06-12,2
20170530,"Abbeville, LA",11.40,0.00,0.00,0.00,0.00,0.00,2017-05-30,2017-06-05,2
20170523,"Abbeville, LA",11.40,0.00,0.00,0.00,0.00,0.00,2017-05-23,2017-05-29,2
20170516,"Abbeville, LA",11.40,0.00,0.00,0.00,0.00,0.00,2017-05-16,2017-05-22,2
20170509,"Abbeville, LA",11.40,0.00,0.00,0.00,0.00,0.00,2017-05-09,2017-05-15,2
20170502,"Abbeville, LA",0.00,11.40,0.00,0.00,0.00,0.00,2017-05-02,2017-05-08,2
20170425,"Abbeville, LA",0.00,11.40,0.00,0.00,0.00,0.00,2017-04-25,2017-05-01,2
20170418,"Abbeville, LA",0.00,11.40,0.00,0.00,0.00,0.00,2017-04-18,2017-04-24,2
20170411,"Abbeville, LA",0.00,11.40,0.00,0.00,0.00,0.00,2017-04-11,2017-04-17,2
20170404,"Abbeville, LA",0.00,11.40,0.00,0.00,0.00,0.00,2017-04-04,2017-04-10,2
20170328,"Abbeville, LA",0.00,11.40,0.00,0.00,0.00,0.00,2017-03-28,2017-04-03,2
20170321,"Abbeville, LA",0.00,11.40,0.00,0.00,0.00,0.00,2017-03-21,2017-03-27,2
20170314,"Abbeville, LA",0.00,11.40,0.00,0.00,0.00,0.00,2017-03-14,2017-03-20,2
20170307,"Abbeville, LA",0.00,11.40,0.00,0.00,0.00,0.00,2017-03-07,2017-03-13,2
20170228,"Abbeville, LA",11.40,0.00,0.00,0.00,0.00,0.00,2017-02-28,2017-03-06,2
20170221,"Abbeville, LA",11.40,0.00,0.00,0.00,0.00,0.00,2017-02-21,2017-02-27,2
20170214,"Abbeville, LA",11.40,0.00,0.00,0.00,0.00,0.00,2017-02-14,2017-02-20,2
20170207,"Abbeville, LA",11.40,0.00,0.00,0.00,0.00,0.00,2017-02-07,2017-02-13,2
20170131,"Abbeville, LA",11.40,0.00,0.00,0.00,0.00,0.00,2017-01-31,2017-02-06,2
20170124,"Abbeville, LA",11.40,0.00,0.00,0.00,0.00,0.00,2017-01-24,2017-01-30,2
20170117,"Abbeville, LA",11.40,0.00,0.00,0.00,0.00,0.00,2017-01-17,2017-01-23,2
20170110,"Abbeville, LA",11.40,0.00,0.00,0.00,0.00,0.00,2017-01-10,2017-01-16,2
20170103,"Abbeville, LA",11.40,0.00,0.00,0.00,0.00,0.00,2017-01-03,2017-01-09,2
20161227,"Abbeville, LA",0.00,11.40,0.00,0.00,0.00,0.00,2016-12-27,2017-01-02,2
20161220,"Abbeville, LA",0.00,11.40,0.00,0.00,0.00,0.00,2016-12-20,2016-12-26,2
20161213,"Abbeville, LA",0.00,11.40,0.00,0.00,0.00,0.00,2016-12-13,2016-12-19,2
20161206,"Abbeville, LA",0.00,0.00,11.31,0.09,0.00,0.00,2016-12-06,2016-12-12,2
20161129,"Abbeville, LA",0.00,0.00,0.00,11.40,0.00,0.00,2016-11-29,2016-12-05,2
20161122,"Abbeville, LA",0.00,0.00,0.00,11.40,0.00,0.00,2016-11-22,2016-11-28,2
20161115,"Abbeville, LA",0.00,0.00,11.40,0.00,0.00,0.00,2016-11-15,2016-11-21,2
20161108,"Abbeville, LA",0.00,0.00,11.40,0.00,0.00,0.00,2016-11-08,2016-11-14,2
20161101,"Abbeville, LA",0.00,0.00,11.40,0.00,0.00,0.00,2016-11-01,2016-11-07,2
20161025,"Abbeville, LA",0.00,0.00,11.40,0.00,0.00,0.00,2016-10-25,2016-10-31,2
20161018,"Abbeville, LA",0.00,11.40,0.00,0.00,0.00,0.00,2016-10-18,2016-10-24,2
20161011,"Abbeville, LA",11.40,0.00,0.00,0.00,0.00,0.00,2016-10-11,2016-10-17,2
20161004,"Abbeville, LA",11.40,0.00,0.00,0.00,0.00,0.00,2016-10-04,2016-10-10,2
20160927,"Abbeville, LA",11.40,0.00,0.00,0.00,0.00,0.00,2016-09-27,2016-10-03,2
20160920,"Abbeville, LA",11.40,0.00,0.00,0.00,0.00,0.00,2016-09-20,2016-09-26,2
20160913,"Abbeville, LA",11.40,0.00,0.00,0.00,0.00,0.00,2016-09-13,2016-09-19,2
20160906,"Abbeville, LA",11.40,0.00,0.00,0.00,0.00,0.00,2016-09-06,2016-09-12,2
20160830,"Abbeville, LA",11.40,0.00,0.00,0.00,0.00,0.00,2016-08-30,2016-09-05,2
20160823,"Abbeville, LA",11.40,0.00,0.00,0.00,0.00,0.00,2016-08-23,2016-08-29,2
20160816,"Abbeville, LA",11.40,0.00,0.00,0.00,0.00,0.00,2016-08-16,2016-08-22,2
20160809,"Abbeville, LA",11.40,0.00,0.00,0.00,0.00,0.00,2016-08-09,2016-08-15,2
20160802,"Abbeville, LA",11.40,0.00,0.00,0.00,0.00,0.00,2016-08-02,2016-08-08,2
20160726,"Abbeville, LA",11.40,0.00,0.00,0.00,0.00,0.00,2016-07-26,2016-08-01,2
20160719,"Abbeville, LA",11.40,0.00,0.00,0.00,0.00,0.00,2016-07-19,2016-07-25,2
20160712,"Abbeville, LA",11.40,0.00,0.00,0.00,0.00,0.00,2016-07-12,2016-07-18,2
20160705,"Abbeville, LA",11.40,0.00,0.00,0.00,0.00,0.00,2016-07-05,2016-07-11,2
20160628,"Abbeville, LA",11.40,0.00,0.00,0.00,0.00,0.00,2016-06-28,2016-07-04,2
20160621,"Abbeville, LA",11.40,0.00,0.00,0.00,0.00,0.00,2016-06-21,2016-06-27,2
20160614,"Abbeville, LA",11.40,0.00,0.00,0.00,0.00,0.00,2016-06-14,2016-06-20,2
20160607,"Abbeville, LA",11.40,0.00,0.00,0.00,0.00,0.00,2016-06-07,2016-06-13,2
20160531,"Abbeville, LA",11.40,0.00,0.00,0.00,0.00,0.00,2016-05-31,2016-06-06,2
20160524,"Abbeville, LA",11.40,0.00,0.00,0.00,0.00,0.00,2016-05-24,2016-05-30,2
20160517,"Abbeville, LA",11.40,0.00,0.00,0.00,0.00,0.00,2016-05-17,2016-05-23,2
20160510,"Abbeville, LA",11.40,0.00,0.00,0.00,0.00,0.00,2016-05-10,2016-05-16,2
20160503,"Abbeville, LA",11.40,0.00,0.00,0.00,0.00,0.00,2016-05-03,2016-05-09,2
20160426,"Abbeville, LA",11.40,0.00,0.00,0.00,0.00,0.00,2016-04-26,2016-05-02,2
20160419,"Abbeville, LA",11.40,0.00,0.00,0.00,0.00,0.00,2016-04-19,2016-04-25,2
20160412,"Abbeville, LA",11.40,0.00,0.00,0.00,0.00,0.00,2016-04-12,2016-04-18,2
20160405,"Abbeville, LA",11.40,0.00,0.00,0.00,0.00,0.00,2016-04-05,2016-04-11,2
20160329,"Abbeville, LA",11.40,0.00,0.00,0.00,0.00,0.00,2016-03-29,2016-04-04,2
20160322,"Abbeville, LA",11.40,0.00,0.00,0.00,0.00,0.00,2016-03-22,2016-03-28,2
20160315,"Abbeville, LA",11.40,0.00,0.00,0.00,0.00,0.00,2016-03-15,2016-03-21,2
20160308,"Abbeville, LA",11.40,0.00,0.00,0.00,0.00,0.00,2016-03-08,2016-03-14,2
20160301,"Abbeville, LA",11.40,0.00,0.00,0.00,0.00,0.00,2016-03-01,2016-03-07,2
20160223,"Abbeville, LA",11.40,0.00,0.00,0.00,0.00,0.00,2016-02-23,2016-02-29,2
20160216,"Abbeville, LA",11.40,0.00,0.00,0.00,0.00,0.00,2016-02-16,2016-02-22,2
20160209,"Abbeville, LA",11.40,0.00,0.00,0.00,0.00,0.00,2016-02-09,2016-02-15,2
20160202,"Abbeville, LA",11.40,0.00,0.00,0.00,0.00,0.00,2016-02-02,2016-02-08,2
20160126,"Abbeville, LA",11.40,0.00,0.00,0.00,0.00,0.00,2016-01-26,2016-02-01,2
20160119,"Abbeville, LA",11.40,0.00,0.00,0.00,0.00,0.00,2016-01-19,2016-01-25,2
20160112,"Abbeville, LA",11.40,0.00,0.00,0.00,0.00,0.00,2016-01-12,2016-01-18,2
20160105,"Abbeville, LA",11.40,0.00,0.00,0.00,0.00,0.00,2016-01-05,2016-01-11,2
20151229,"Abbeville, LA",11.40,0.00,0.00,0.00,0.00,0.00,2015-12-29,2016-01-04,2
20151222,"Abbeville, LA",11.40,0.00,0.00,0.00,0.00,0.00,2015-12-22,2015-12-28,2
20151215,"Abbeville, LA",11.40,0.00,0.00,0.00,0.00,0.00,2015-12-15,2015-12-21,2
20151208,"Abbeville, LA",11.40,0.00,0.00,0.00,0.00,0.00,2015-12-08,2015-12-14,2
20151201,"Abbeville, LA",11.40,0.00,0.00,0.00,0.00,0.00,2015-12-01,2015-12-07,2
20151124,"Abbeville, LA",11.40,0.00,0.00,0.00,0.00,0.00,2015-11-24,2015-11-30,2
20151117,"Abbeville, LA",11.40,0.00,0.00,0.00,0.00,0.00,2015-11-17,2015-11-23,2
20151110,"Abbeville, LA",11.40,0.00,0.00,0.00,0.00,0.00,2015-11-10,2015-11-16,2
20151103,"Abbeville, LA",11.40,0.00,0.00,0.00,0.00,0.00,2015-11-03,2015-11-09,2
20151027,"Abbeville, LA",11.40,0.00,0.00,0.00,0.00,0.00,2015-10-27,2015-11-02,2
20151020,"Abbeville, LA",0.00,0.00,11.40,0.00,0.00,0.00,2015-10-20,2015-10-26,2
20151013,"Abbeville, LA",0.00,0.00,11.40,0.00,0.00,0.00,2015-10-13,2015-10-19,2
20151006,"Abbeville, LA",0.00,0.00,11.40,0.00,0.00,0.00,2015-10-06,2015-10-12,2
20150929,"Abbeville, LA",0.00,11.40,0.00,0.00,0.00,0.00,2015-09-29,2015-10-05,2
20150922,"Abbeville, LA",0.00,11.40,0.00,0.00,0.00,0.00,2015-09-22,2015-09-28,2
20150915,"Abbeville, LA",0.00,11.40,0.00,0.00,0.00,0.00,2015-09-15,2015-09-21,2
20150908,"Abbeville, LA",0.00,0.00,11.40,0.00,0.00,0.00,2015-09-08,2015-09-14,2
20150901,"Abbeville, LA",0.00,0.00,11.40,0.00,0.00,0.00,2015-09-01,2015-09-07,2
20150825,"Abbeville, LA",0.00,0.00,11.40,0.00,0.00,0.00,2015-08-25,2015-08-31,2
20150818,"Abbeville, LA",0.00,0.00,0.00,11.40,0.00,0.00,2015-08-18,2015-08-24,2
20150811,"Abbeville, LA",0.00,0.00,0.00,11.40,0.00,0.00,2015-08-11,2015-08-17,2
20150804,"Abbeville, LA",0.00,0.00,11.40,0.00,0.00,0.00,2015-08-04,2015-08-10,2
20150728,"Abbeville, LA",0.00,11.40,0.00,0.00,0.00,0.00,2015-07-28,2015-08-03,2
20150721,"Abbeville, LA",11.40,0.00,0.00,0.00,0.00,0.00,2015-07-21,2015-07-27,2
20150714,"Abbeville, LA",11.40,0.00,0.00,0.00,0.00,0.00,2015-07-14,2015-07-20,2
20150707,"Abbeville, LA",11.40,0.00,0.00,0.00,0.00,0.00,2015-07-07,2015-07-13,2
20150630,"Abbeville, LA",11.40,0.00,0.00,0.00,0.00,0.00,2015-06-30,2015-07-06,2
20150623,"Abbeville, LA",11.40,0.00,0.00,0.00,0.00,0.00,2015-06-23,2015-06-29,2
20150616,"Abbeville, LA",11.40,0.00,0.00,0.00,0.00,0.00,2015-06-16,2015-06-22,2
20150609,"Abbeville, LA",11.40,0.00,0.00,0.00,0.00,0.00,2015-06-09,2015-06-15,2
20150602,"Abbeville, LA",11.40,0.00,0.00,0.00,0.00,0.00,2015-06-02,2015-06-08,2
20150526,"Abbeville, LA",11.40,0.00,0.00,0.00,0.00,0.00,2015-05-26,2015-06-01,2
20150519,"Abbeville, LA",11.40,0.00,0.00,0.00,0.00,0.00,2015-05-19,2015-05-25,2
20150512,"Abbeville, LA",11.40,0.00,0.00,0.00,0.00,0.00,2015-05-12,2015-05-18,2
20150505,"Abbeville, LA",11.40,0.00,0.00,0.00,0.00,0.00,2015-05-05,2015-05-11,2
20150428,"Abbeville, LA",11.40,0.00,0.00,0.00,0.00,0.00,2015-04-28,2015-05-04,2
20150421,"Abbeville, LA",11.40,0.00,0.00,0.00,0.00,0.00,2015-04-21,2015-04-27,2
20150414,"Abbeville, LA",0.00,11.40,0.00,0.00,0.00,0.00,2015-04-14,2015-04-20,2
20150407,"Abbeville, LA",0.00,0.00,11.40,0.00,0.00,0.00,2015-04-07,2015-04-13,2
20150331,"Abbeville, LA",0.00,0.00,11.40,0.00,0.00,0.00,2015-03-31,2015-04-06,2
20150324,"Abbeville, LA",0.00,0.00,11.40,0.00,0.00,0.00,2015-03-24,2015-03-30,2
20150317,"Abbeville, LA",0.00,0.00,11.40,0.00,0.00,0.00,2015-03-17,2015-03-23,2
20150310,"Abbeville, LA",0.00,0.00,11.40,0.00,0.00,0.00,2015-03-10,2015-03-16,2
20150303,"Abbeville, LA",0.00,0.00,11.40,0.00,0.00,0.00,2015-03-03,2015-03-09,2
20150224,"Abbeville, LA",0.00,0.00,11.40,0.00,0.00,0.00,2015-02-24,2015-03-02,2
20150217,"Abbeville, LA",0.00,11.40,0.00,0.00,0.00,0.00,2015-02-17,2015-02-23,2
20150210,"Abbeville, LA",11.40,0.00,0.00,0.00,0.00,0.00,2015-02-10,2015-02-16,2
20150203,"Abbeville, LA",11.40,0.00,0.00,0.00,0.00,0.00,2015-02-03,2015-02-09,2
20150127,"Abbeville, LA",11.40,0.00,0.00,0.00,0.00,0.00,2015-01-27,2015-02-02,2
20150120,"Abbeville, LA",11.40,0.00,0.00,0.00,0.00,0.00,2015-01-20,2015-01-26,2
20150113,"Abbeville, LA",11.40,0.00,0.00,0.00,0.00,0.00,2015-01-13,2015-01-19,2
20150106,"Abbeville, LA",11.40,0.00,0.00,0.00,0.00,0.00,2015-01-06,2015-01-12,2
20141230,"Abbeville, LA",0.00,11.40,0.00,0.00,0.00,0.00,2014-12-30,2015-01-05,2
20141223,"Abbeville, LA",0.00,11.35,0.05,0.00,0.00,0.00,2014-12-23,2014-12-29,2
20141216,"Abbeville, LA",0.00,11.35,0.05,0.00,0.00,0.00,2014-12-16,2014-12-22,2
20141209,"Abbeville, LA",0.00,11.40,0.00,0.00,0.00,0.00,2014-12-09,2014-12-15,2
20141202,"Abbeville, LA",11.40,0.00,0.00,0.00,0.00,0.00,2014-12-02,2014-12-08,2
20141125,"Abbeville, LA",11.40,0.00,0.00,0.00,0.00,0.00,2014-11-25,2014-12-01,2
20141118,"Abbeville, LA",11.40,0.00,0.00,0.00,0.00,0.00,2014-11-18,2014-11-24,2
20141111,"Abbeville, LA",8.81,2.59,0.00,0.00,0.00,0.00,2014-11-11,2014-11-17,2
20141104,"Abbeville, LA",8.81,2.59,0.00,0.00,0.00,0.00,2014-11-04,2014-11-10,2
20141028,"Abbeville, LA",11.40,0.00,0.00,0.00,0.00,0.00,2014-10-28,2014-11-03,2
20141021,"Abbeville, LA",11.40,0.00,0.00,0.00,0.00,0.00,2014-10-21,2014-10-27,2
20141014,"Abbeville, LA",11.40,0.00,0.00,0.00,0.00,0.00,2014-10-14,2014-10-20,2
20141007,"Abbeville, LA",11.40,0.00,0.00,0.00,0.00,0.00,2014-10-07,2014-10-13,2
20140930,"Abbeville, LA",11.40,0.00,0.00,0.00,0.00,0.00,2014-09-30,2014-10-06,2
20140923,"Abbeville, LA",11.40,0.00,0.00,0.00,0.00,0.00,2014-09-23,2014-09-29,2
20140916,"Abbeville, LA",11.40,0.00,0.00,0.00,0.00,0.00,2014-09-16,2014-09-22,2
20140909,"Abbeville, LA",11.40,0.00,0.00,0.00,0.00,0.00,2014-09-09,2014-09-15,2
20140902,"Abbeville, LA",11.40,0.00,0.00,0.00,0.00,0.00,2014-09-02,2014-09-08,2
20140826,"Abbeville, LA",11.40,0.00,0.00,0.00,0.00,0.00,2014-08-26,2014-09-01,2
20140819,"Abbeville, LA",11.40,0.00,0.00,0.00,0.00,0.00,2014-08-19,2014-08-25,2
20140812,"Abbeville, LA",11.40,0.00,0.00,0.00,0.00,0.00,2014-08-12,2014-08-18,2
20140805,"Abbeville, LA",11.40,0.00,0.00,0.00,0.00,0.00,2014-08-05,2014-08-11,2
20140729,"Abbeville, LA",11.40,0.00,0.00,0.00,0.00,0.00,2014-07-29,2014-08-04,2
20140722,"Abbeville, LA",11.40,0.00,0.00,0.00,0.00,0.00,2014-07-22,2014-07-28,2
20140715,"Abbeville, LA",11.40,0.00,0.00,0.00,0.00,0.00,2014-07-15,2014-07-21,2
20140708,"Abbeville, LA",11.40,0.00,0.00,0.00,0.00,0.00,2014-07-08,2014-07-14,2
20140701,"Abbeville, LA",11.40,0.00,0.00,0.00,0.00,0.00,2014-07-01,2014-07-07,2
20140624,"Abbeville, LA",11.40,0.00,0.00,0.00,0.00,0.00,2014-06-24,2014-06-30,2
20140617,"Abbeville, LA",11.40,0.00,0.00,0.00,0.00,0.00,2014-06-17,2014-06-23,2
20140610,"Abbeville, LA",11.40,0.00,0.00,0.00,0.00,0.00,2014-06-10,2014-06-16,2
20140603,"Abbeville, LA",11.40,0.00,0.00,0.00,0.00,0.00,2014-06-03,2014-06-09,2
20140527,"Abbeville, LA",0.00,1.77,9.63,0.00,0.00,0.00,2014-05-27,2014-06-02,2
20140520,"Abbeville, LA",0.00,1.54,9.86,0.00,0.00,0.00,2014-05-20,2014-05-26,2
20140513,"Abbeville, LA",0.00,1.54,9.86,0.00,0.00,0.00,2014-05-13,2014-05-19,2
20140506,"Abbeville, LA",0.00,0.00,11.40,0.00,0.00,0.00,2014-05-06,2014-05-12,2
20140429,"Abbeville, LA",0.00,0.00,11.40,0.00,0.00,0.00,2014-04-29,2014-05-05,2
20140422,"Abbeville, LA",0.00,11.40,0.00,0.00,0.00,0.00,2014-04-22,2014-04-28,2
20140415,"Abbeville, LA",0.00,11.40,0.00,0.00,0.00,0.00,2014-04-15,2014-04-21,2
20140408,"Abbeville, LA",0.00,11.40,0.00,0.00,0.00,0.00,2014-04-08,2014-04-14,2
20140401,"Abbeville, LA",0.00,11.40,0.00,0.00,0.00,0.00,2014-04-01,2014-04-07,2
20140325,"Abbeville, LA",0.00,11.40,0.00,0.00,0.00,0.00,2014-03-25,2014-03-31,2
20140318,"Abbeville, LA",0.00,11.40,0.00,0.00,0.00,0.00,2014-03-18,2014-03-24,2
20140311,"Abbeville, LA",0.00,11.40,0.00,0.00,0.00,0.00,2014-03-11,2014-03-17,2
20140304,"Abbeville, LA",0.00,11.40,0.00,0.00,0.00,0.00,2014-03-04,2014-03-10,2
20140225,"Abbeville, LA",0.00,0.73,10.67,0.00,0.00,0.00,2014-02-25,2014-03-03,2
20140218,"Abbeville, LA",0.00,0.00,11.17,0.23,0.00,0.00,2014-02-18,2014-02-24,2
20140211,"Abbeville, LA",0.00,0.00,1.58,9.81,0.00,0.00,2014-02-11,2014-02-17,2
20140204,"Abbeville, LA",0.00,0.00,0.07,11.33,0.00,0.00,2014-02-04,2014-02-10,2
20140128,"Abbeville, LA",0.00,1.52,9.88,0.00,0.00,0.00,2014-01-28,2014-02-03,2
20140121,"Abbeville, LA",0.00,1.52,9.88,0.00,0.00,0.00,2014-01-21,2014-01-27,2
20140114,"Abbeville, LA",0.00,11.40,0.00,0.00,0.00,0.00,2014-01-14,2014-01-20,2
20140107,"Abbeville, LA",0.00,11.40,0.00,0.00,0.00,0.00,2014-01-07,2014-01-13,2
20131231,"Abbeville, LA",0.00,11.40,0.00,0.00,0.00,0.00,2013-12-31,2014-01-06,2
20131224,"Abbeville, LA",0.03,11.37,0.00,0.00,0.00,0.00,2013-12-24,2013-12-30,2
20131217,"Abbeville, LA",0.03,11.37,0.00,0.00,0.00,0.00,2013-12-17,2013-12-23,2
20131210,"Abbeville, LA",0.03,11.37,0.00,0.00,0.00,0.00,2013-12-10,2013-12-16,2
20131203,"Abbeville, LA",0.03,11.37,0.00,0.00,0.00,0.00,2013-12-03,2013-12-09,2
20131126,"Abbeville, LA",0.03,11.37,0.00,0.00,0.00,0.00,2013-11-26,2013-12-02,2
20131119,"Abbeville, LA",0.03,11.37,0.00,0.00,0.00,0.00,2013-11-19,2013-11-25,2
20131112,"Abbeville, LA",0.03,11.37,0.00,0.00,0.00,0.00,2013-11-12,2013-11-18,2
20131105,"Abbeville, LA",0.03,11.37,0.00,0.00,0.00,0.00,2013-11-05,2013-11-11,2
20131029,"Abbeville, LA",0.03,7.00,4.37,0.00,0.00,0.00,2013-10-29,2013-11-04,2
20131022,"Abbeville, LA",0.03,7.00,4.37,0.00,0.00,0.00,2013-10-22,2013-10-28,2
20131015,"Abbeville, LA",0.02,7.01,4.37,0.00,0.00,0.00,2013-10-15,2013-10-21,2
20131008,"Abbeville, LA",0.00,0.00,11.40,0.00,0.00,0.00,2013-10-08,2013-10-14,2
20131001,"Abbeville, LA",0.00,0.00,11.40,0.00,0.00,0.00,2013-10-01,2013-10-07,2
20130924,"Abbeville, LA",0.00,0.00,11.40,0.00,0.00,0.00,2013-09-24,2013-09-30,2
20130917,"Abbeville, LA",0.00,0.00,2.84,8.56,0.00,0.00,2013-09-17,2013-09-23,2
20130910,"Abbeville, LA",0.00,0.00,11.40,0.00,0.00,0.00,2013-09-10,2013-09-16,2
20130903,"Abbeville, LA",0.00,0.00,11.40,0.00,0.00,0.00,2013-09-03,2013-09-09,2
20130827,"Abbeville, LA",0.00,8.01,3.38,0.00,0.00,0.00,2013-08-27,2013-09-02,2
20130820,"Abbeville, LA",0.00,10.54,0.86,0.00,0.00,0.00,2013-08-20,2013-08-26,2
20130813,"Abbeville, LA",0.00,10.54,0.86,0.00,0.00,0.00,2013-08-13,2013-08-19,2
20130806,"Abbeville, LA",0.00,11.40,0.00,0.00,0.00,0.00,2013-08-06,2013-08-12,2
20130730,"Abbeville, LA",0.00,11.40,0.00,0.00,0.00,0.00,2013-07-30,2013-08-05,2
20130723,"Abbeville, LA",0.00,11.40,0.00,0.00,0.00,0.00,2013-07-23,2013-07-29,2
20130716,"Abbeville, LA",11.40,0.00,0.00,0.00,0.00,0.00,2013-07-16,2013-07-22,2
20130709,"Abbeville, LA",11.40,0.00,0.00,0.00,0.00,0.00,2013-07-09,2013-07-15,2
20130702,"Abbeville, LA",11.40,0.00,0.00,0.00,0.00,0.00,2013-07-02,2013-07-08,2
20130625,"Abbeville, LA",11.40,0.00,0.00,0.00,0.00,0.00,2013-06-25,2013-07-01,2
20130618,"Abbeville, LA",11.40,0.00,0.00,0.00,0.00,0.00,2013-06-18,2013-06-24,2
20130611,"Abbeville, LA",11.40,0.00,0.00,0.00,0.00,0.00,2013-06-11,2013-06-17,2
20130604,"Abbeville, LA",11.40,0.00,0.00,0.00,0.00,0.00,2013-06-04,2013-06-10,2
20130528,"Abbeville, LA",11.40,0.00,0.00,0.00,0.00,0.00,2013-05-28,2013-06-03,2
20130521,"Abbeville, LA",11.40,0.00,0.00,0.00,0.00,0.00,2013-05-21,2013-05-27,2
20130514,"Abbeville, LA",11.40,0.00,0.00,0.00,0.00,0.00,2013-05-14,2013-05-20,2
20130507,"Abbeville, LA",11.40,0.00,0.00,0.00,0.00,0.00,2013-05-07,2013-05-13,2
20130430,"Abbeville, LA",11.40,0.00,0.00,0.00,0.00,0.00,2013-04-30,2013-05-06,2
20130423,"Abbeville, LA",11.40,0.00,0.00,0.00,0.00,0.00,2013-04-23,2013-04-29,2
20130416,"Abbeville, LA",11.40,0.00,0.00,0.00,0.00,0.00,2013-04-16,2013-04-22,2
20130409,"Abbeville, LA",11.40,0.00,0.00,0.00,0.00,0.00,2013-04-09,2013-04-15,2
20130402,"Abbeville, LA",11.40,0.00,0.00,0.00,0.00,0.00,2013-04-02,2013-04-08,2
20130326,"Abbeville, LA",11.40,0.00,0.00,0.00,0.00,0.00,2013-03-26,2013-04-01,2
20130319,"Abbeville, LA",11.40,0.00,0.00,0.00,0.00,0.00,2013-03-19,2013-03-25,2
20130312,"Abbeville, LA",11.40,0.00,0.00,0.00,0.00,0.00,2013-03-12,2013-03-18,2
20130305,"Abbeville, LA",11.40,0.00,0.00,0.00,0.00,0.00,2013-03-05,2013-03-11,2
20130226,"Abbeville, LA",11.40,0.00,0.00,0.00,0.00,0.00,2013-02-26,2013-03-04,2
20130219,"Abbeville, LA",11.40,0.00,0.00,0.00,0.00,0.00,2013-02-19,2013-02-25,2
20130212,"Abbeville, LA",11.40,0.00,0.00,0.00,0.00,0.00,2013-02-12,2013-02-18,2
20130205,"Abbeville, LA",11.40,0.00,0.00,0.00,0.00,0.00,2013-02-05,2013-02-11,2
20130129,"Abbeville, LA",11.40,0.00,0.00,0.00,0.00,0.00,2013-01-29,2013-02-04,2
20130122,"Abbeville, LA",11.40,0.00,0.00,0.00,0.00,0.00,2013-01-22,2013-01-28,2
20130115,"Abbeville, LA",11.40,0.00,0.00,0.00,0.00,0.00,2013-01-15,2013-01-21,2
20130108,"Abbeville, LA",11.40,0.00,0.00,0.00,0.00,0.00,2013-01-08,2013-01-14,2
20130101,"Abbeville, LA",11.40,0.00,0.00,0.00,0.00,0.00,2013-01-01,2013-01-07,2
20121225,"Abbeville, LA",11.40,0.00,0.00,0.00,0.00,0.00,2012-12-25,2012-12-31,2
20121218,"Abbeville, LA",11.40,0.00,0.00,0.00,0.00,0.00,2012-12-18,2012-12-24,2
20121211,"Abbeville, LA",0.00,11.40,0.00,0.00,0.00,0.00,2012-12-11,2012-12-17,2
20121204,"Abbeville, LA",0.00,11.40,0.00,0.00,0.00,0.00,2012-12-04,2012-12-10,2
20121127,"Abbeville, LA",0.00,11.40,0.00,0.00,0.00,0.00,2012-11-27,2012-12-03,2
20121120,"Abbeville, LA",0.00,11.40,0.00,0.00,0.00,0.00,2012-11-20,2012-11-26,2
20121113,"Abbeville, LA",11.40,0.00,0.00,0.00,0.00,0.00,2012-11-13,2012-11-19,2
20121106,"Abbeville, LA",11.40,0.00,0.00,0.00,0.00,0.00,2012-11-06,2012-11-12,2
20121030,"Abbeville, LA",11.40,0.00,0.00,0.00,0.00,0.00,2012-10-30,2012-11-05,2
20121023,"Abbeville, LA",11.40,0.00,0.00,0.00,0.00,0.00,2012-10-23,2012-10-29,2
20121016,"Abbeville, LA",11.40,0.00,0.00,0.00,0.00,0.00,2012-10-16,2012-10-22,2
20121009,"Abbeville, LA",11.40,0.00,0.00,0.00,0.00,0.00,2012-10-09,2012-10-15,2
20121002,"Abbeville, LA",11.40,0.00,0.00,0.00,0.00,0.00,2012-10-02,2012-10-08,2
20120925,"Abbeville, LA",11.40,0.00,0.00,0.00,0.00,0.00,2012-09-25,2012-10-01,2
20120918,"Abbeville, LA",11.40,0.00,0.00,0.00,0.00,0.00,2012-09-18,2012-09-24,2
20120911,"Abbeville, LA",11.40,0.00,0.00,0.00,0.00,0.00,2012-09-11,2012-09-17,2
20120904,"Abbeville, LA",11.40,0.00,0.00,0.00,0.00,0.00,2012-09-04,2012-09-10,2
20120828,"Abbeville, LA",11.40,0.00,0.00,0.00,0.00,0.00,2012-08-28,2012-09-03,2
20120821,"Abbeville, LA",11.40,0.00,0.00,0.00,0.00,0.00,2012-08-21,2012-08-27,2
20120814,"Abbeville, LA",11.40,0.00,0.00,0.00,0.00,0.00,2012-08-14,2012-08-20,2
20120807,"Abbeville, LA",11.40,0.00,0.00,0.00,0.00,0.00,2012-08-07,2012-08-13,2
20120731,"Abbeville, LA",11.40,0.00,0.00,0.00,0.00,0.00,2012-07-31,2012-08-06,2
20120724,"Abbeville, LA",11.40,0.00,0.00,0.00,0.00,0.00,2012-07-24,2012-07-30,2
20120717,"Abbeville, LA",11.40,0.00,0.00,0.00,0.00,0.00,2012-07-17,2012-07-23,2
20120710,"Abbeville, LA",11.40,0.00,0.00,0.00,0.00,0.00,2012-07-10,2012-07-16,2
20120703,"Abbeville, LA",11.40,0.00,0.00,0.00,0.00,0.00,2012-07-03,2012-07-09,2
20120626,"Abbeville, LA",11.40,0.00,0.00,0.00,0.00,0.00,2012-06-26,2012-07-02,2
20120619,"Abbeville, LA",11.40,0.00,0.00,0.00,0.00,0.00,2012-06-19,2012-06-25,2
20120612,"Abbeville, LA",11.40,0.00,0.00,0.00,0.00,0.00,2012-06-12,2012-06-18,2
20120605,"Abbeville, LA",11.40,0.00,0.00,0.00,0.00,0.00,2012-06-05,2012-06-11,2
20120529,"Abbeville, LA",11.40,0.00,0.00,0.00,0.00,0.00,2012-05-29,2012-06-04,2
20120522,"Abbeville, LA",11.40,0.00,0.00,0.00,0.00,0.00,2012-05-22,2012-05-28,2
20120515,"Abbeville, LA",11.40,0.00,0.00,0.00,0.00,0.00,2012-05-15,2012-05-21,2
20120508,"Abbeville, LA",11.40,0.00,0.00,0.00,0.00,0.00,2012-05-08,2012-05-14,2
20120501,"Abbeville, LA",11.40,0.00,0.00,0.00,0.00,0.00,2012-05-01,2012-05-07,2
20120424,"Abbeville, LA",11.40,0.00,0.00,0.00,0.00,0.00,2012-04-24,2012-04-30,2
20120417,"Abbeville, LA",11.40,0.00,0.00,0.00,0.00,0.00,2012-04-17,2012-04-23,2
20120410,"Abbeville, LA",11.40,0.00,0.00,0.00,0.00,0.00,2012-04-10,2012-04-16,2
20120403,"Abbeville, LA",11.40,0.00,0.00,0.00,0.00,0.00,2012-04-03,2012-04-09,2
20120327,"Abbeville, LA",11.40,0.00,0.00,0.00,0.00,0.00,2012-03-27,2012-04-02,2
20120320,"Abbeville, LA",2.93,8.47,0.00,0.00,0.00,0.00,2012-03-20,2012-03-26,2
20120313,"Abbeville, LA",2.93,8.47,0.00,0.00,0.00,0.00,2012-03-13,2012-03-19,2
20120306,"Abbeville, LA",2.93,8.47,0.00,0.00,0.00,0.00,2012-03-06,2012-03-12,2
20120228,"Abbeville, LA",2.93,8.47,0.00,0.00,0.00,0.00,2012-02-28,2012-03-05,2
20120221,"Abbeville, LA",2.93,8.47,0.00,0.00,0.00,0.00,2012-02-21,2012-02-27,2
20120214,"Abbeville, LA",0.00,11.37,0.03,0.00,0.00,0.00,2012-02-14,2012-02-20,2
20120207,"Abbeville, LA",0.00,11.37,0.03,0.00,0.00,0.00,2012-02-07,2012-02-13,2
20120131,"Abbeville, LA",0.00,0.60,10.80,0.00,0.00,0.00,2012-01-31,2012-02-06,2
20120124,"Abbeville, LA",0.00,0.00,11.28,0.12,0.00,0.00,2012-01-24,2012-01-30,2
20120117,"Abbeville, LA",0.00,0.00,11.28,0.12,0.00,0.00,2012-01-17,2012-01-23,2
20120110,"Abbeville, LA",0.00,0.00,11.28,0.12,0.00,0.00,2012-01-10,2012-01-16,2
20120103,"Abbeville, LA",0.00,0.00,0.00,11.40,0.00,0.00,2012-01-03,2012-01-09,2
20111227,"Abbeville, LA",0.00,0.00,0.00,11.40,0.00,0.00,2011-12-27,2012-01-02,2
20111220,"Abbeville, LA",0.00,0.00,0.00,11.40,0.00,0.00,2011-12-20,2011-12-26,2
20111213,"Abbeville, LA",0.00,0.00,0.00,11.40,0.00,0.00,2011-12-13,2011-12-19,2
20111206,"Abbeville, LA",0.00,0.00,0.00,11.40,0.00,0.00,2011-12-06,2011-12-12,2
20111129,"Abbeville, LA",0.00,0.00,0.00,11.40,0.00,0.00,2011-11-29,2011-12-05,2
20111122,"Abbeville, LA",0.00,0.00,0.00,11.40,0.00,0.00,2011-11-22,2011-11-28,2
20111115,"Abbeville, LA",0.00,0.00,0.00,11.40,0.00,0.00,2011-11-15,2011-11-21,2
20111108,"Abbeville, LA",0.00,0.00,0.00,11.40,0.00,0.00,2011-11-08,2011-11-14,2
20111101,"Abbeville, LA",0.00,0.00,11.40,0.00,0.00,0.00,2011-11-01,2011-11-07,2
20111025,"Abbeville, LA",0.00,0.00,11.40,0.00,0.00,0.00,2011-10-25,2011-10-31,2
20111018,"Abbeville, LA",0.00,0.00,11.40,0.00,0.00,0.00,2011-10-18,2011-10-24,2
20111011,"Abbeville, LA",0.00,0.00,11.40,0.00,0.00,0.00,2011-10-11,2011-10-17,2
20111004,"Abbeville, LA",11.40,0.00,0.00,0.00,0.00,0.00,2011-10-04,2011-10-10,2
20110927,"Abbeville, LA",11.40,0.00,0.00,0.00,0.00,0.00,2011-09-27,2011-10-03,2
20110920,"Abbeville, LA",11.40,0.00,0.00,0.00,0.00,0.00,2011-09-20,2011-09-26,2
20110913,"Abbeville, LA",11.40,0.00,0.00,0.00,0.00,0.00,2011-09-13,2011-09-19,2
20110906,"Abbeville, LA",11.40,0.00,0.00,0.00,0.00,0.00,2011-09-06,2011-09-12,2
20110830,"Abbeville, LA",0.00,0.00,0.00,11.34,0.06,0.00,2011-08-30,2011-09-05,2
20110823,"Abbeville, LA",0.00,0.00,0.00,11.39,0.00,0.00,2011-08-23,2011-08-29,2
20110816,"Abbeville, LA",0.00,0.00,0.00,11.39,0.00,0.00,2011-08-16,2011-08-22,2
20110809,"Abbeville, LA",0.00,0.00,0.00,11.39,0.00,0.00,2011-08-09,2011-08-15,2
20110802,"Abbeville, LA",0.00,0.00,0.00,11.40,0.00,0.00,2011-08-02,2011-08-08,2
20110726,"Abbeville, LA",0.00,0.00,0.00,0.00,11.40,0.00,2011-07-26,2011-08-01,2
20110719,"Abbeville, LA",0.00,0.00,0.00,0.00,8.04,3.36,2011-07-19,2011-07-25,2
20110712,"Abbeville, LA",0.00,0.00,0.00,0.00,0.00,11.40,2011-07-12,2011-07-18,2
20110705,"Abbeville, LA",0.00,0.00,0.00,0.00,0.00,11.40,2011-07-05,2011-07-11,2
20110628,"Abbeville, LA",0.00,0.00,0.00,0.00,0.00,11.40,2011-06-28,2011-07-04,2
20110621,"Abbeville, LA",0.00,0.00,0.00,0.00,0.00,11.40,2011-06-21,2011-06-27,2
20110614,"Abbeville, LA",0.00,0.00,0.00,0.00,2.91,8.49,2011-06-14,2011-06-20,2
20110607,"Abbeville, LA",0.00,0.00,0.00,0.00,11.40,0.00,2011-06-07,2011-06-13,2
20110531,"Abbeville, LA",0.00,0.00,0.00,0.00,11.40,0.00,2011-05-31,2011-06-06,2
20110524,"Abbeville, LA",0.00,0.00,0.00,0.00,11.40,0.00,2011-05-24,2011-05-30,2
20110517,"Abbeville, LA",0.00,0.00,0.00,11.40,0.00,0.00,2011-05-17,2011-05-23,2
20110510,"Abbeville, LA",0.00,0.00,0.00,11.40,0.00,0.00,2011-05-10,2011-05-16,2
20110503,"Abbeville, LA",0.00,0.00,0.00,11.40,0.00,0.00,2011-05-03,2011-05-09,2
20110426,"Abbeville, LA",0.00,0.00,0.00,11.40,0.00,0.00,2011-04-26,2011-05-02,2
20110419,"Abbeville, LA",0.00,0.00,0.00,11.40,0.00,0.00,2011-04-19,2011-04-25,2
20110412,"Abbeville, LA",0.00,0.00,11.40,0.00,0.00,0.00,2011-04-12,2011-04-18,2
20110405,"Abbeville, LA",0.00,0.00,11.40,0.00,0.00,0.00,2011-04-05,2011-04-11,2
20110329,"Abbeville, LA",0.00,0.00,11.40,0.00,0.00,0.00,2011-03-29,2011-04-04,2
20110322,"Abbeville, LA",0.00,0.00,11.40,0.00,0.00,0.00,2011-03-22,2011-03-28,2
20110315,"Abbeville, LA",0.00,11.40,0.00,0.00,0.00,0.00,2011-03-15,2011-03-21,2
20110308,"Abbeville, LA",0.00,11.40,0.00,0.00,0.00,0.00,2011-03-08,2011-03-14,2
20110301,"Abbeville, LA",0.00,11.40,0.00,0.00,0.00,0.00,2011-03-01,2011-03-07,2
20110222,"Abbeville, LA",0.00,11.40,0.00,0.00,0.00,0.00,2011-02-22,2011-02-28,2
20110215,"Abbeville, LA",11.40,0.00,0.00,0.00,0.00,0.00,2011-02-15,2011-02-21,2
20110208,"Abbeville, LA",11.40,0.00,0.00,0.00,0.00,0.00,2011-02-08,2011-02-14,2
20110201,"Abbeville, LA",11.40,0.00,0.00,0.00,0.00,0.00,2011-02-01,2011-02-07,2
20110125,"Abbeville, LA",11.40,0.00,0.00,0.00,0.00,0.00,2011-01-25,2011-01-31,2
20110118,"Abbeville, LA",11.40,0.00,0.00,0.00,0.00,0.00,2011-01-18,2011-01-24,2
20110111,"Abbeville, LA",11.40,0.00,0.00,0.00,0.00,0.00,2011-01-11,2011-01-17,2
20110104,"Abbeville, LA",11.40,0.00,0.00,0.00,0.00,0.00,2011-01-04,2011-01-10,2
20101228,"Abbeville, LA",0.00,11.40,0.00,0.00,0.00,0.00,2010-12-28,2011-01-03,2
20101221,"Abbeville, LA",0.00,11.40,0.00,0.00,0.00,0.00,2010-12-21,2010-12-27,2
20101214,"Abbeville, LA",11.40,0.00,0.00,0.00,0.00,0.00,2010-12-14,2010-12-20,2
20101207,"Abbeville, LA",11.40,0.00,0.00,0.00,0.00,0.00,2010-12-07,2010-12-13,2
20101130,"Abbeville, LA",11.40,0.00,0.00,0.00,0.00,0.00,2010-11-30,2010-12-06,2
20101123,"Abbeville, LA",11.40,0.00,0.00,0.00,0.00,0.00,2010-11-23,2010-11-29,2
20101116,"Abbeville, LA",11.40,0.00,0.00,0.00,0.00,0.00,2010-11-16,2010-11-22,2
20101109,"Abbeville, LA",11.40,0.00,0.00,0.00,0.00,0.00,2010-11-09,2010-11-15,2
20101102,"Abbeville, LA",0.00,11.40,0.00,0.00,0.00,0.00,2010-11-02,2010-11-08,2
20101026,"Abbeville, LA",0.00,0.00,11.40,0.00,0.00,0.00,2010-10-26,2010-11-01,2
20101019,"Abbeville, LA",0.00,0.00,11.40,0.00,0.00,0.00,2010-10-19,2010-10-25,2
20101012,"Abbeville, LA",0.00,0.00,11.40,0.00,0.00,0.00,2010-10-12,2010-10-18,2
20101005,"Abbeville, LA",0.00,0.00,11.40,0.00,0.00,0.00,2010-10-05,2010-10-11,2
20100928,"Abbeville, LA",0.00,0.00,11.40,0.00,0.00,0.00,2010-09-28,2010-10-04,2
20100921,"Abbeville, LA",0.00,11.40,0.00,0.00,0.00,0.00,2010-09-21,2010-09-27,2
20100914,"Abbeville, LA",11.40,0.00,0.00,0.00,0.00,0.00,2010-09-14,2010-09-20,2
20100907,"Abbeville, LA",11.40,0.00,0.00,0.00,0.00,0.00,2010-09-07,2010-09-13,2
20100831,"Abbeville, LA",11.40,0.00,0.00,0.00,0.00,0.00,2010-08-31,2010-09-06,2
20100824,"Abbeville, LA",11.40,0.00,0.00,0.00,0.00,0.00,2010-08-24,2010-08-30,2
20100817,"Abbeville, LA",11.40,0.00,0.00,0.00,0.00,0.00,2010-08-17,2010-08-23,2
20100810,"Abbeville, LA",11.40,0.00,0.00,0.00,0.00,0.00,2010-08-10,2010-08-16,2
20100803,"Abbeville, LA",11.40,0.00,0.00,0.00,0.00,0.00,2010-08-03,2010-08-09,2
20100727,"Abbeville, LA",11.40,0.00,0.00,0.00,0.00,0.00,2010-07-27,2010-08-02,2
20100720,"Abbeville, LA",11.40,0.00,0.00,0.00,0.00,0.00,2010-07-20,2010-07-26,2
20100713,"Abbeville, LA",11.40,0.00,0.00,0.00,0.00,0.00,2010-07-13,2010-07-19,2
20100706,"Abbeville, LA",11.40,0.00,0.00,0.00,0.00,0.00,2010-07-06,2010-07-12,2
20100629,"Abbeville, LA",0.00,11.40,0.00,0.00,0.00,0.00,2010-06-29,2010-07-05,2
20100622,"Abbeville, LA",0.00,11.40,0.00,0.00,0.00,0.00,2010-06-22,2010-06-28,2
20100615,"Abbeville, LA",11.40,0.00,0.00,0.00,0.00,0.00,2010-06-15,2010-06-21,2
20100608,"Abbeville, LA",11.40,0.00,0.00,0.00,0.00,0.00,2010-06-08,2010-06-14,2
20100601,"Abbeville, LA",0.00,11.40,0.00,0.00,0.00,0.00,2010-06-01,2010-06-07,2
20100525,"Abbeville, LA",0.00,11.40,0.00,0.00,0.00,0.00,2010-05-25,2010-05-31,2
20100518,"Abbeville, LA",0.00,11.40,0.00,0.00,0.00,0.00,2010-05-18,2010-05-24,2
20100511,"Abbeville, LA",0.00,0.00,11.40,0.00,0.00,0.00,2010-05-11,2010-05-17,2
20100504,"Abbeville, LA",0.00,11.40,0.00,0.00,0.00,0.00,2010-05-04,2010-05-10,2
20100427,"Abbeville, LA",0.00,11.40,0.00,0.00,0.00,0.00,2010-04-27,2010-05-03,2
20100420,"Abbeville, LA",0.00,11.40,0.00,0.00,0.00,0.00,2010-04-20,2010-04-26,2
20100413,"Abbeville, LA",0.00,11.40,0.00,0.00,0.00,0.00,2010-04-13,2010-04-19,2
20100406,"Abbeville, LA",0.00,11.40,0.00,0.00,0.00,0.00,2010-04-06,2010-04-12,2
20100330,"Abbeville, LA",11.40,0.00,0.00,0.00,0.00,0.00,2010-03-30,2010-04-05,2
20100323,"Abbeville, LA",11.40,0.00,0.00,0.00,0.00,0.00,2010-03-23,2010-03-29,2
20100316,"Abbeville, LA",11.40,0.00,0.00,0.00,0.00,0.00,2010-03-16,2010-03-22,2
20100309,"Abbeville, LA",11.40,0.00,0.00,0.00,0.00,0.00,2010-03-09,2010-03-15,2
20100302,"Abbeville, LA",11.40,0.00,0.00,0.00,0.00,0.00,2010-03-02,2010-03-08,2
20100223,"Abbeville, LA",11.40,0.00,0.00,0.00,0.00,0.00,2010-02-23,2010-03-01,2
20100216,"Abbeville, LA",11.40,0.00,0.00,0.00,0.00,0.00,2010-02-16,2010-02-22,2
20100209,"Abbeville, LA",11.40,0.00,0.00,0.00,0.00,0.00,2010-02-09,2010-02-15,2
20100202,"Abbeville, LA",11.40,0.00,0.00,0.00,0.00,0.00,2010-02-02,2010-02-08,2
20100126,"Abbeville, LA",11.40,0.00,0.00,0.00,0.00,0.00,2010-01-26,2010-02-01,2
20100119,"Abbeville, LA",11.40,0.00,0.00,0.00,0.00,0.00,2010-01-19,2010-01-25,2
20100112,"Abbeville, LA",11.40,0.00,0.00,0.00,0.00,0.00,2010-01-12,2010-01-18,2
20100105,"Abbeville, LA",11.40,0.00,0.00,0.00,0.00,0.00,2010-01-05,2010-01-11,2
20091229,"Abbeville, LA",11.40,0.00,0.00,0.00,0.00,0.00,2009-12-29,2010-01-04,2
20091222,"Abbeville, LA",11.40,0.00,0.00,0.00,0.00,0.00,2009-12-22,2009-12-28,2
20091215,"Abbeville, LA",11.40,0.00,0.00,0.00,0.00,0.00,2009-12-15,2009-12-21,2
20091208,"Abbeville, LA",11.40,0.00,0.00,0.00,0.00,0.00,2009-12-08,2009-12-14,2
20091201,"Abbeville, LA",11.40,0.00,0.00,0.00,0.00,0.00,2009-12-01,2009-12-07,2
20091124,"Abbeville, LA",11.40,0.00,0.00,0.00,0.00,0.00,2009-11-24,2009-11-30,2
20091117,"Abbeville, LA",11.40,0.00,0.00,0.00,0.00,0.00,2009-11-17,2009-11-23,2
20091110,"Abbeville, LA",11.40,0.00,0.00,0.00,0.00,0.00,2009-11-10,2009-11-16,2
20091103,"Abbeville, LA",11.40,0.00,0.00,0.00,0.00,0.00,2009-11-03,2009-11-09,2
20091027,"Abbeville, LA",11.40,0.00,0.00,0.00,0.00,0.00,2009-10-27,2009-11-02,2
20091020,"Abbeville, LA",11.40,0.00,0.00,0.00,0.00,0.00,2009-10-20,2009-10-26,2
20091013,"Abbeville, LA",11.40,0.00,0.00,0.00,0.00,0.00,2009-10-13,2009-10-19,2
20091006,"Abbeville, LA",11.40,0.00,0.00,0.00,0.00,0.00,2009-10-06,2009-10-12,2
20090929,"Abbeville, LA",11.40,0.00,0.00,0.00,0.00,0.00,2009-09-29,2009-10-05,2
20090922,"Abbeville, LA",11.40,0.00,0.00,0.00,0.00,0.00,2009-09-22,2009-09-28,2
20090915,"Abbeville, LA",11.40,0.00,0.00,0.00,0.00,0.00,2009-09-15,2009-09-21,2
20090908,"Abbeville, LA",11.40,0.00,0.00,0.00,0.00,0.00,2009-09-08,2009-09-14,2
20090901,"Abbeville, LA",11.40,0.00,0.00,0.00,0.00,0.00,2009-09-01,2009-09-07,2
20090825,"Abbeville, LA",0.00,11.40,0.00,0.00,0.00,0.00,2009-08-25,2009-08-31,2
20090818,"Abbeville, LA",0.00,11.40,0.00,0.00,0.00,0.00,2009-08-18,2009-08-24,2
20090811,"Abbeville, LA",0.00,11.40,0.00,0.00,0.00,0.00,2009-08-11,2009-08-17,2
20090804,"Abbeville, LA",0.00,11.40,0.00,0.00,0.00,0.00,2009-08-04,2009-08-10,2
20090728,"Abbeville, LA",0.00,11.40,0.00,0.00,0.00,0.00,2009-07-28,2009-08-03,2
20090721,"Abbeville, LA",0.00,11.40,0.00,0.00,0.00,0.00,2009-07-21,2009-07-27,2
20090714,"Abbeville, LA",0.00,11.40,0.00,0.00,0.00,0.00,2009-07-14,2009-07-20,2
20090707,"Abbeville, LA",0.00,11.40,0.00,0.00,0.00,0.00,2009-07-07,2009-07-13,2
20090630,"Abbeville, LA",0.00,1.28,10.12,0.00,0.00,0.00,2009-06-30,2009-07-06,2
20090623,"Abbeville, LA",0.00,0.00,11.40,0.00,0.00,0.00,2009-06-23,2009-06-29,2
20090616,"Abbeville, LA",0.00,11.40,0.00,0.00,0.00,0.00,2009-06-16,2009-06-22,2
20090609,"Abbeville, LA",0.00,11.40,0.00,0.00,0.00,0.00,2009-06-09,2009-06-15,2
20090602,"Abbeville, LA",11.40,0.00,0.00,0.00,0.00,0.00,2009-06-02,2009-06-08,2
20090526,"Abbeville, LA",11.40,0.00,0.00,0.00,0.00,0.00,2009-05-26,2009-06-01,2
20090519,"Abbeville, LA",11.40,0.00,0.00,0.00,0.00,0.00,2009-05-19,2009-05-25,2
20090512,"Abbeville, LA",11.40,0.00,0.00,0.00,0.00,0.00,2009-05-12,2009-05-18,2
20090505,"Abbeville, LA",11.40,0.00,0.00,0.00,0.00,0.00,2009-05-05,2009-05-11,2
20090428,"Abbeville, LA",11.40,0.00,0.00,0.00,0.00,0.00,2009-04-28,2009-05-04,2
20090421,"Abbeville, LA",11.40,0.00,0.00,0.00,0.00,0.00,2009-04-21,2009-04-27,2
20090414,"Abbeville, LA",11.40,0.00,0.00,0.00,0.00,0.00,2009-04-14,2009-04-20,2
20090407,"Abbeville, LA",11.40,0.00,0.00,0.00,0.00,0.00,2009-04-07,2009-04-13,2
20090331,"Abbeville, LA",11.40,0.00,0.00,0.00,0.00,0.00,2009-03-31,2009-04-06,2
20090324,"Abbeville, LA",0.00,0.00,11.40,0.00,0.00,0.00,2009-03-24,2009-03-30,2
20090317,"Abbeville, LA",0.00,0.00,11.40,0.00,0.00,0.00,2009-03-17,2009-03-23,2
20090310,"Abbeville, LA",0.00,0.00,11.40,0.00,0.00,0.00,2009-03-10,2009-03-16,2
20090303,"Abbeville, LA",0.00,0.00,11.40,0.00,0.00,0.00,2009-03-03,2009-03-09,2
20090224,"Abbeville, LA",0.00,0.00,11.40,0.00,0.00,0.00,2009-02-24,2009-03-02,2
20090217,"Abbeville, LA",0.00,0.00,11.40,0.00,0.00,0.00,2009-02-17,2009-02-23,2
20090210,"Abbeville, LA",0.00,0.00,11.40,0.00,0.00,0.00,2009-02-10,2009-02-16,2
20090203,"Abbeville, LA",0.00,9.91,1.49,0.00,0.00,0.00,2009-02-03,2009-02-09,2
20090127,"Abbeville, LA",0.00,9.91,1.49,0.00,0.00,0.00,2009-01-27,2009-02-02,2
20090120,"Abbeville, LA",0.00,9.91,1.49,0.00,0.00,0.00,2009-01-20,2009-01-26,2
20090113,"Abbeville, LA",0.00,9.91,1.49,0.00,0.00,0.00,2009-01-13,2009-01-19,2
20090106,"Abbeville, LA",0.00,9.91,1.49,0.00,0.00,0.00,2009-01-06,2009-01-12,2
20081230,"Abbeville, LA",11.26,0.14,0.00,0.00,0.00,0.00,2008-12-30,2009-01-05,2
20081223,"Abbeville, LA",11.26,0.14,0.00,0.00,0.00,0.00,2008-12-23,2008-12-29,2
20081216,"Abbeville, LA",11.26,0.14,0.00,0.00,0.00,0.00,2008-12-16,2008-12-22,2
20081209,"Abbeville, LA",11.26,0.14,0.00,0.00,0.00,0.00,2008-12-09,2008-12-15,2
20081202,"Abbeville, LA",11.26,0.14,0.00,0.00,0.00,0.00,2008-12-02,2008-12-08,2
20081125,"Abbeville, LA",11.26,0.14,0.00,0.00,0.00,0.00,2008-11-25,2008-12-01,2
20081118,"Abbeville, LA",10.65,0.74,0.00,0.00,0.00,0.00,2008-11-18,2008-11-24,2
20081111,"Abbeville, LA",0.00,11.40,0.00,0.00,0.00,0.00,2008-11-11,2008-11-17,2
20081104,"Abbeville, LA",0.00,11.40,0.00,0.00,0.00,0.00,2008-11-04,2008-11-10,2
20081028,"Abbeville, LA",11.40,0.00,0.00,0.00,0.00,0.00,2008-10-28,2008-11-03,2
20081021,"Abbeville, LA",11.40,0.00,0.00,0.00,0.00,0.00,2008-10-21,2008-10-27,2
20081014,"Abbeville, LA",11.40,0.00,0.00,0.00,0.00,0.00,2008-10-14,2008-10-20,2
20081007,"Abbeville, LA",11.40,0.00,0.00,0.00,0.00,0.00,2008-10-07,2008-10-13,2
20080930,"Abbeville, LA",11.40,0.00,0.00,0.00,0.00,0.00,2008-09-30,2008-10-06,2
20080923,"Abbeville, LA",11.40,0.00,0.00,0.00,0.00,0.00,2008-09-23,2008-09-29,2
20080916,"Abbeville, LA",11.40,0.00,0.00,0.00,0.00,0.00,2008-09-16,2008-09-22,2
20080909,"Abbeville, LA",11.40,0.00,0.00,0.00,0.00,0.00,2008-09-09,2008-09-15,2
20080902,"Abbeville, LA",11.40,0.00,0.00,0.00,0.00,0.00,2008-09-02,2008-09-08,2
20080826,"Abbeville, LA",4.55,6.85,0.00,0.00,0.00,0.00,2008-08-26,2008-09-01,2
20080819,"Abbeville, LA",11.40,0.00,0.00,0.00,0.00,0.00,2008-08-19,2008-08-25,2
20080812,"Abbeville, LA",11.40,0.00,0.00,0.00,0.00,0.00,2008-08-12,2008-08-18,2
20080805,"Abbeville, LA",0.00,11.40,0.00,0.00,0.00,0.00,2008-08-05,2008-08-11,2
20080729,"Abbeville, LA",0.00,11.40,0.00,0.00,0.00,0.00,2008-07-29,2008-08-04,2
20080722,"Abbeville, LA",0.00,11.40,0.00,0.00,0.00,0.00,2008-07-22,2008-07-28,2
20080715,"Abbeville, LA",7.95,3.45,0.00,0.00,0.00,0.00,2008-07-15,2008-07-21,2
20080708,"Abbeville, LA",7.95,3.45,0.00,0.00,0.00,0.00,2008-07-08,2008-07-14,2
20080701,"Abbeville, LA",7.95,3.45,0.00,0.00,0.00,0.00,2008-07-01,2008-07-07,2
20080624,"Abbeville, LA",7.95,3.45,0.00,0.00,0.00,0.00,2008-06-24,2008-06-30,2
20080617,"Abbeville, LA",7.95,3.45,0.00,0.00,0.00,0.00,2008-06-17,2008-06-23,2
20080610,"Abbeville, LA",7.95,3.45,0.00,0.00,0.00,0.00,2008-06-10,2008-06-16,2
20080603,"Abbeville, LA",11.40,0.00,0.00,0.00,0.00,0.00,2008-06-03,2008-06-09,2
20080527,"Abbeville, LA",11.40,0.00,0.00,0.00,0.00,0.00,2008-05-27,2008-06-02,2
20080520,"Abbeville, LA",11.40,0.00,0.00,0.00,0.00,0.00,2008-05-20,2008-05-26,2
20080513,"Abbeville, LA",0.00,11.02,0.38,0.00,0.00,0.00,2008-05-13,2008-05-19,2
20080506,"Abbeville, LA",0.00,11.02,0.38,0.00,0.00,0.00,2008-05-06,2008-05-12,2
20080429,"Abbeville, LA",0.00,11.33,0.07,0.00,0.00,0.00,2008-04-29,2008-05-05,2
20080422,"Abbeville, LA",0.00,11.33,0.07,0.00,0.00,0.00,2008-04-22,2008-04-28,2
20080415,"Abbeville, LA",0.00,11.40,0.00,0.00,0.00,0.00,2008-04-15,2008-04-21,2
20080408,"Abbeville, LA",11.39,0.01,0.00,0.00,0.00,0.00,2008-04-08,2008-04-14,2
20080401,"Abbeville, LA",11.39,0.01,0.00,0.00,0.00,0.00,2008-04-01,2008-04-07,2
20080325,"Abbeville, LA",11.40,0.00,0.00,0.00,0.00,0.00,2008-03-25,2008-03-31,2
20080318,"Abbeville, LA",11.40,0.00,0.00,0.00,0.00,0.00,2008-03-18,2008-03-24,2
20080311,"Abbeville, LA",11.40,0.00,0.00,0.00,0.00,0.00,2008-03-11,2008-03-17,2
20080304,"Abbeville, LA",11.40,0.00,0.00,0.00,0.00,0.00,2008-03-04,2008-03-10,2
20080226,"Abbeville, LA",11.40,0.00,0.00,0.00,0.00,0.00,2008-02-26,2008-03-03,2
20080219,"Abbeville, LA",11.40,0.00,0.00,0.00,0.00,0.00,2008-02-19,2008-02-25,2
20080212,"Abbeville, LA",11.40,0.00,0.00,0.00,0.00,0.00,2008-02-12,2008-02-18,2
20080205,"Abbeville, LA",11.40,0.00,0.00,0.00,0.00,0.00,2008-02-05,2008-02-11,2
20080129,"Abbeville, LA",11.40,0.00,0.00,0.00,0.00,0.00,2008-01-29,2008-02-04,2
20080122,"Abbeville, LA",11.40,0.00,0.00,0.00,0.00,0.00,2008-01-22,2008-01-28,2
20080115,"Abbeville, LA",11.40,0.00,0.00,0.00,0.00,0.00,2008-01-15,2008-01-21,2
20080108,"Abbeville, LA",11.40,0.00,0.00,0.00,0.00,0.00,2008-01-08,2008-01-14,2
20080101,"Abbeville, LA",11.40,0.00,0.00,0.00,0.00,0.00,2008-01-01,2008-01-07,2
20071225,"Abbeville, LA",11.40,0.00,0.00,0.00,0.00,0.00,2007-12-25,2007-12-31,2
20071218,"Abbeville, LA",11.40,0.00,0.00,0.00,0.00,0.00,2007-12-18,2007-12-24,2
20071211,"Abbeville, LA",11.40,0.00,0.00,0.00,0.00,0.00,2007-12-11,2007-12-17,2
20071204,"Abbeville, LA",11.40,0.00,0.00,0.00,0.00,0.00,2007-12-04,2007-12-10,2
20071127,"Abbeville, LA",11.40,0.00,0.00,0.00,0.00,0.00,2007-11-27,2007-12-03,2
20071120,"Abbeville, LA",11.40,0.00,0.00,0.00,0.00,0.00,2007-11-20,2007-11-26,2
20071113,"Abbeville, LA",11.40,0.00,0.00,0.00,0.00,0.00,2007-11-13,2007-11-19,2
20071106,"Abbeville, LA",11.40,0.00,0.00,0.00,0.00,0.00,2007-11-06,2007-11-12,2
20071030,"Abbeville, LA",11.40,0.00,0.00,0.00,0.00,0.00,2007-10-30,2007-11-05,2
20071023,"Abbeville, LA",11.40,0.00,0.00,0.00,0.00,0.00,2007-10-23,2007-10-29,2
20071016,"Abbeville, LA",11.40,0.00,0.00,0.00,0.00,0.00,2007-10-16,2007-10-22,2
20071009,"Abbeville, LA",11.40,0.00,0.00,0.00,0.00,0.00,2007-10-09,2007-10-15,2
20071002,"Abbeville, LA",11.40,0.00,0.00,0.00,0.00,0.00,2007-10-02,2007-10-08,2
20070925,"Abbeville, LA",11.40,0.00,0.00,0.00,0.00,0.00,2007-09-25,2007-10-01,2
20070918,"Abbeville, LA",11.40,0.00,0.00,0.00,0.00,0.00,2007-09-18,2007-09-24,2
20070911,"Abbeville, LA",11.40,0.00,0.00,0.00,0.00,0.00,2007-09-11,2007-09-17,2
20070904,"Abbeville, LA",11.40,0.00,0.00,0.00,0.00,0.00,2007-09-04,2007-09-10,2
20070828,"Abbeville, LA",11.40,0.00,0.00,0.00,0.00,0.00,2007-08-28,2007-09-03,2
20070821,"Abbeville, LA",11.40,0.00,0.00,0.00,0.00,0.00,2007-08-21,2007-08-27,2
20070814,"Abbeville, LA",11.40,0.00,0.00,0.00,0.00,0.00,2007-08-14,2007-08-20,2
20070807,"Abbeville, LA",11.40,0.00,0.00,0.00,0.00,0.00,2007-08-07,2007-08-13,2
20070731,"Abbeville, LA",11.40,0.00,0.00,0.00,0.00,0.00,2007-07-31,2007-08-06,2
20070724,"Abbeville, LA",11.40,0.00,0.00,0.00,0.00,0.00,2007-07-24,2007-07-30,2
20070717,"Abbeville, LA",11.40,0.00,0.00,0.00,0.00,0.00,2007-07-17,2007-07-23,2
20070710,"Abbeville, LA",11.40,0.00,0.00,0.00,0.00,0.00,2007-07-10,2007-07-16,2
20070703,"Abbeville, LA",11.40,0.00,0.00,0.00,0.00,0.00,2007-07-03,2007-07-09,2
20070626,"Abbeville, LA",11.40,0.00,0.00,0.00,0.00,0.00,2007-06-26,2007-07-02,2
20070619,"Abbeville, LA",11.40,0.00,0.00,0.00,0.00,0.00,2007-06-19,2007-06-25,2
20070612,"Abbeville, LA",11.40,0.00,0.00,0.00,0.00,0.00,2007-06-12,2007-06-18,2
20070605,"Abbeville, LA",11.40,0.00,0.00,0.00,0.00,0.00,2007-06-05,2007-06-11,2
20070529,"Abbeville, LA",11.40,0.00,0.00,0.00,0.00,0.00,2007-05-29,2007-06-04,2
20070522,"Abbeville, LA",11.40,0.00,0.00,0.00,0.00,0.00,2007-05-22,2007-05-28,2
20070515,"Abbeville, LA",11.40,0.00,0.00,0.00,0.00,0.00,2007-05-15,2007-05-21,2
20070508,"Abbeville, LA",11.40,0.00,0.00,0.00,0.00,0.00,2007-05-08,2007-05-14,2
20070501,"Abbeville, LA",11.40,0.00,0.00,0.00,0.00,0.00,2007-05-01,2007-05-07,2
20070424,"Abbeville, LA",11.40,0.00,0.00,0.00,0.00,0.00,2007-04-24,2007-04-30,2
20070417,"Abbeville, LA",11.40,0.00,0.00,0.00,0.00,0.00,2007-04-17,2007-04-23,2
20070410,"Abbeville, LA",11.40,0.00,0.00,0.00,0.00,0.00,2007-04-10,2007-04-16,2
20070403,"Abbeville, LA",11.40,0.00,0.00,0.00,0.00,0.00,2007-04-03,2007-04-09,2
20070327,"Abbeville, LA",11.40,0.00,0.00,0.00,0.00,0.00,2007-03-27,2007-04-02,2
20070320,"Abbeville, LA",11.40,0.00,0.00,0.00,0.00,0.00,2007-03-20,2007-03-26,2
20070313,"Abbeville, LA",11.40,0.00,0.00,0.00,0.00,0.00,2007-03-13,2007-03-19,2
20070306,"Abbeville, LA",11.40,0.00,0.00,0.00,0.00,0.00,2007-03-06,2007-03-12,2
20070227,"Abbeville, LA",11.40,0.00,0.00,0.00,0.00,0.00,2007-02-27,2007-03-05,2
20070220,"Abbeville, LA",11.40,0.00,0.00,0.00,0.00,0.00,2007-02-20,2007-02-26,2
20070213,"Abbeville, LA",11.40,0.00,0.00,0.00,0.00,0.00,2007-02-13,2007-02-19,2
20070206,"Abbeville, LA",11.40,0.00,0.00,0.00,0.00,0.00,2007-02-06,2007-02-12,2
20070130,"Abbeville, LA",11.40,0.00,0.00,0.00,0.00,0.00,2007-01-30,2007-02-05,2
20070123,"Abbeville, LA",11.40,0.00,0.00,0.00,0.00,0.00,2007-01-23,2007-01-29,2
20070116,"Abbeville, LA",11.40,0.00,0.00,0.00,0.00,0.00,2007-01-16,2007-01-22,2
20070109,"Abbeville, LA",11.40,0.00,0.00,0.00,0.00,0.00,2007-01-09,2007-01-15,2
20070102,"Abbeville, LA",11.40,0.00,0.00,0.00,0.00,0.00,2007-01-02,2007-01-08,2
20061226,"Abbeville, LA",11.40,0.00,0.00,0.00,0.00,0.00,2006-12-26,2007-01-01,2
20061219,"Abbeville, LA",11.40,0.00,0.00,0.00,0.00,0.00,2006-12-19,2006-12-25,2
20061212,"Abbeville, LA",11.40,0.00,0.00,0.00,0.00,0.00,2006-12-12,2006-12-18,2
20061205,"Abbeville, LA",11.40,0.00,0.00,0.00,0.00,0.00,2006-12-05,2006-12-11,2
20061128,"Abbeville, LA",11.40,0.00,0.00,0.00,0.00,0.00,2006-11-28,2006-12-04,2
20061121,"Abbeville, LA",11.40,0.00,0.00,0.00,0.00,0.00,2006-11-21,2006-11-27,2
20061114,"Abbeville, LA",11.40,0.00,0.00,0.00,0.00,0.00,2006-11-14,2006-11-20,2
20061107,"Abbeville, LA",11.40,0.00,0.00,0.00,0.00,0.00,2006-11-07,2006-11-13,2
20061031,"Abbeville, LA",11.40,0.00,0.00,0.00,0.00,0.00,2006-10-31,2006-11-06,2
20061024,"Abbeville, LA",11.40,0.00,0.00,0.00,0.00,0.00,2006-10-24,2006-10-30,2
20061017,"Abbeville, LA",0.00,11.40,0.00,0.00,0.00,0.00,2006-10-17,2006-10-23,2
20061010,"Abbeville, LA",0.00,11.40,0.00,0.00,0.00,0.00,2006-10-10,2006-10-16,2
20061003,"Abbeville, LA",0.00,11.40,0.00,0.00,0.00,0.00,2006-10-03,2006-10-09,2
20060926,"Abbeville, LA",0.00,11.40,0.00,0.00,0.00,0.00,2006-09-26,2006-10-02,2
20060919,"Abbeville, LA",0.00,11.40,0.00,0.00,0.00,0.00,2006-09-19,2006-09-25,2
20060912,"Abbeville, LA",0.00,11.40,0.00,0.00,0.00,0.00,2006-09-12,2006-09-18,2
20060905,"Abbeville, LA",0.00,11.40,0.00,0.00,0.00,0.00,2006-09-05,2006-09-11,2
20060829,"Abbeville, LA",0.00,11.40,0.00,0.00,0.00,0.00,2006-08-29,2006-09-04,2
20060822,"Abbeville, LA",0.00,0.00,11.40,0.00,0.00,0.00,2006-08-22,2006-08-28,2
20060815,"Abbeville, LA",0.00,0.00,11.40,0.00,0.00,0.00,2006-08-15,2006-08-21,2
20060808,"Abbeville, LA",0.00,0.00,11.40,0.00,0.00,0.00,2006-08-08,2006-08-14,2
20060801,"Abbeville, LA",0.00,0.00,11.40,0.00,0.00,0.00,2006-08-01,2006-08-07,2
20060725,"Abbeville, LA",0.00,0.00,11.40,0.00,0.00,0.00,2006-07-25,2006-07-31,2
20060718,"Abbeville, LA",0.00,0.00,11.40,0.00,0.00,0.00,2006-07-18,2006-07-24,2
20060711,"Abbeville, LA",0.00,0.00,11.40,0.00,0.00,0.00,2006-07-11,2006-07-17,2
20060704,"Abbeville, LA",0.00,0.00,0.00,0.00,11.40,0.00,2006-07-04,2006-07-10,2
20060627,"Abbeville, LA",0.00,0.00,0.00,0.00,11.40,0.00,2006-06-27,2006-07-03,2
20060620,"Abbeville, LA",0.00,0.00,0.00,0.00,11.40,0.00,2006-06-20,2006-06-26,2
20060613,"Abbeville, LA",0.00,0.00,0.00,0.00,11.40,0.00,2006-06-13,2006-06-19,2
20060606,"Abbeville, LA",0.00,0.00,0.00,11.40,0.00,0.00,2006-06-06,2006-06-12,2
20060530,"Abbeville, LA",0.00,0.00,4.75,6.65,0.00,0.00,2006-05-30,2006-06-05,2
20060523,"Abbeville, LA",0.00,0.00,11.40,0.00,0.00,0.00,2006-05-23,2006-05-29,2
20060516,"Abbeville, LA",0.00,0.00,0.00,11.40,0.00,0.00,2006-05-16,2006-05-22,2
20060509,"Abbeville, LA",0.00,0.00,0.00,11.40,0.00,0.00,2006-05-09,2006-05-15,2
20060502,"Abbeville, LA",0.00,0.00,0.00,11.40,0.00,0.00,2006-05-02,2006-05-08,2
20060425,"Abbeville, LA",0.00,0.00,0.00,0.00,11.40,0.00,2006-04-25,2006-05-01,2
20060418,"Abbeville, LA",0.00,0.00,0.00,0.00,11.40,0.00,2006-04-18,2006-04-24,2
20060411,"Abbeville, LA",0.00,0.00,0.00,11.40,0.00,0.00,2006-04-11,2006-04-17,2
20060404,"Abbeville, LA",0.00,0.00,11.40,0.00,0.00,0.00,2006-04-04,2006-04-10,2
20060328,"Abbeville, LA",0.00,11.40,0.00,0.00,0.00,0.00,2006-03-28,2006-04-03,2
20060321,"Abbeville, LA",0.00,11.40,0.00,0.00,0.00,0.00,2006-03-21,2006-03-27,2
20060314,"Abbeville, LA",9.67,1.73,0.00,0.00,0.00,0.00,2006-03-14,2006-03-20,2
20060307,"Abbeville, LA",9.67,1.73,0.00,0.00,0.00,0.00,2006-03-07,2006-03-13,2
20060228,"Abbeville, LA",6.74,4.66,0.00,0.00,0.00,0.00,2006-02-28,2006-03-06,2
20060221,"Abbeville, LA",6.74,4.66,0.00,0.00,0.00,0.00,2006-02-21,2006-02-27,2
20060214,"Abbeville, LA",6.74,4.66,0.00,0.00,0.00,0.00,2006-02-14,2006-02-20,2
20060207,"Abbeville, LA",0.00,11.40,0.00,0.00,0.00,0.00,2006-02-07,2006-02-13,2
20060131,"Abbeville, LA",0.00,0.00,11.40,0.00,0.00,0.00,2006-01-31,2006-02-06,2
20060124,"Abbeville, LA",0.00,0.00,11.40,0.00,0.00,0.00,2006-01-24,2006-01-30,2
20060117,"Abbeville, LA",0.00,0.00,11.40,0.00,0.00,0.00,2006-01-17,2006-01-23,2
20060110,"Abbeville, LA",0.00,11.40,0.00,0.00,0.00,0.00,2006-01-10,2006-01-16,2
20060103,"Abbeville, LA",6.77,4.63,0.00,0.00,0.00,0.00,2006-01-03,2006-01-09,2
20051227,"Abbeville, LA",11.40,0.00,0.00,0.00,0.00,0.00,2005-12-27,2006-01-02,2
20051220,"Abbeville, LA",11.40,0.00,0.00,0.00,0.00,0.00,2005-12-20,2005-12-26,2
20051213,"Abbeville, LA",0.00,11.40,0.00,0.00,0.00,0.00,2005-12-13,2005-12-19,2
20051206,"Abbeville, LA",0.00,11.40,0.00,0.00,0.00,0.00,2005-12-06,2005-12-12,2
20051129,"Abbeville, LA",0.00,11.40,0.00,0.00,0.00,0.00,2005-11-29,2005-12-05,2
20051122,"Abbeville, LA",0.00,11.40,0.00,0.00,0.00,0.00,2005-11-22,2005-11-28,2
20051115,"Abbeville, LA",0.00,11.40,0.00,0.00,0.00,0.00,2005-11-15,2005-11-21,2
20051108,"Abbeville, LA",0.00,11.40,0.00,0.00,0.00,0.00,2005-11-08,2005-11-14,2
20051101,"Abbeville, LA",3.89,7.50,0.00,0.00,0.00,0.00,2005-11-01,2005-11-07,2
20051025,"Abbeville, LA",11.40,0.00,0.00,0.00,0.00,0.00,2005-10-25,2005-10-31,2
20051018,"Abbeville, LA",11.40,0.00,0.00,0.00,0.00,0.00,2005-10-18,2005-10-24,2
20051011,"Abbeville, LA",11.40,0.00,0.00,0.00,0.00,0.00,2005-10-11,2005-10-17,2
20051004,"Abbeville, LA",11.40,0.00,0.00,0.00,0.00,0.00,2005-10-04,2005-10-10,2
20050927,"Abbeville, LA",11.40,0.00,0.00,0.00,0.00,0.00,2005-09-27,2005-10-03,2
20050920,"Abbeville, LA",0.00,1.36,2.43,7.61,0.00,0.00,2005-09-20,2005-09-26,2
20050913,"Abbeville, LA",0.00,1.48,9.92,0.00,0.00,0.00,2005-09-13,2005-09-19,2
20050906,"Abbeville, LA",11.40,0.00,0.00,0.00,0.00,0.00,2005-09-06,2005-09-12,2
20050830,"Abbeville, LA",11.40,0.00,0.00,0.00,0.00,0.00,2005-08-30,2005-09-05,2
20050823,"Abbeville, LA",11.40,0.00,0.00,0.00,0.00,0.00,2005-08-23,2005-08-29,2
20050816,"Abbeville, LA",11.40,0.00,0.00,0.00,0.00,0.00,2005-08-16,2005-08-22,2
20050809,"Abbeville, LA",11.40,0.00,0.00,0.00,0.00,0.00,2005-08-09,2005-08-15,2
20050802,"Abbeville, LA",11.40,0.00,0.00,0.00,0.00,0.00,2005-08-02,2005-08-08,2
20050726,"Abbeville, LA",11.40,0.00,0.00,0.00,0.00,0.00,2005-07-26,2005-08-01,2
20050719,"Abbeville, LA",11.40,0.00,0.00,0.00,0.00,0.00,2005-07-19,2005-07-25,2
20050712,"Abbeville, LA",11.40,0.00,0.00,0.00,0.00,0.00,2005-07-12,2005-07-18,2
20050705,"Abbeville, LA",11.40,0.00,0.00,0.00,0.00,0.00,2005-07-05,2005-07-11,2
20050628,"Abbeville, LA",0.00,11.40,0.00,0.00,0.00,0.00,2005-06-28,2005-07-04,2
20050621,"Abbeville, LA",11.40,0.00,0.00,0.00,0.00,0.00,2005-06-21,2005-06-27,2
20050614,"Abbeville, LA",0.00,11.40,0.00,0.00,0.00,0.00,2005-06-14,2005-06-20,2
20050607,"Abbeville, LA",0.00,0.00,11.40,0.00,0.00,0.00,2005-06-07,2005-06-13,2
20050531,"Abbeville, LA",0.00,0.00,11.40,0.00,0.00,0.00,2005-05-31,2005-06-06,2
20050524,"Abbeville, LA",0.00,0.00,11.40,0.00,0.00,0.00,2005-05-24,2005-05-30,2
20050517,"Abbeville, LA",0.00,11.40,0.00,0.00,0.00,0.00,2005-05-17,2005-05-23,2
20050510,"Abbeville, LA",0.00,11.40,0.00,0.00,0.00,0.00,2005-05-10,2005-05-16,2
20050503,"Abbeville, LA",0.00,11.40,0.00,0.00,0.00,0.00,2005-05-03,2005-05-09,2
20050426,"Abbeville, LA",0.00,11.40,0.00,0.00,0.00,0.00,2005-04-26,2005-05-02,2
20050419,"Abbeville, LA",11.40,0.00,0.00,0.00,0.00,0.00,2005-04-19,2005-04-25,2
20050412,"Abbeville, LA",11.40,0.00,0.00,0.00,0.00,0.00,2005-04-12,2005-04-18,2
20050405,"Abbeville, LA",11.40,0.00,0.00,0.00,0.00,0.00,2005-04-05,2005-04-11,2
20050329,"Abbeville, LA",11.40,0.00,0.00,0.00,0.00,0.00,2005-03-29,2005-04-04,2
20050322,"Abbeville, LA",11.40,0.00,0.00,0.00,0.00,0.00,2005-03-22,2005-03-28,2
20050315,"Abbeville, LA",11.40,0.00,0.00,0.00,0.00,0.00,2005-03-15,2005-03-21,2
20050308,"Abbeville, LA",11.40,0.00,0.00,0.00,0.00,0.00,2005-03-08,2005-03-14,2
20050301,"Abbeville, LA",11.40,0.00,0.00,0.00,0.00,0.00,2005-03-01,2005-03-07,2
20050222,"Abbeville, LA",11.40,0.00,0.00,0.00,0.00,0.00,2005-02-22,2005-02-28,2
20050215,"Abbeville, LA",11.40,0.00,0.00,0.00,0.00,0.00,2005-02-15,2005-02-21,2
20050208,"Abbeville, LA",11.40,0.00,0.00,0.00,0.00,0.00,2005-02-08,2005-02-14,2
20050201,"Abbeville, LA",11.40,0.00,0.00,0.00,0.00,0.00,2005-02-01,2005-02-07,2
20050125,"Abbeville, LA",11.40,0.00,0.00,0.00,0.00,0.00,2005-01-25,2005-01-31,2
20050118,"Abbeville, LA",11.40,0.00,0.00,0.00,0.00,0.00,2005-01-18,2005-01-24,2
20050111,"Abbeville, LA",11.40,0.00,0.00,0.00,0.00,0.00,2005-01-11,2005-01-17,2
20050104,"Abbeville, LA",11.40,0.00,0.00,0.00,0.00,0.00,2005-01-04,2005-01-10,2
20041228,"Abbeville, LA",11.40,0.00,0.00,0.00,0.00,0.00,2004-12-28,2005-01-03,2
20041221,"Abbeville, LA",11.40,0.00,0.00,0.00,0.00,0.00,2004-12-21,2004-12-27,2
20041214,"Abbeville, LA",11.40,0.00,0.00,0.00,0.00,0.00,2004-12-14,2004-12-20,2
20041207,"Abbeville, LA",11.40,0.00,0.00,0.00,0.00,0.00,2004-12-07,2004-12-13,2
20041130,"Abbeville, LA",11.40,0.00,0.00,0.00,0.00,0.00,2004-11-30,2004-12-06,2
20041123,"Abbeville, LA",11.40,0.00,0.00,0.00,0.00,0.00,2004-11-23,2004-11-29,2
20041116,"Abbeville, LA",11.40,0.00,0.00,0.00,0.00,0.00,2004-11-16,2004-11-22,2
20041109,"Abbeville, LA",11.40,0.00,0.00,0.00,0.00,0.00,2004-11-09,2004-11-15,2
20041102,"Abbeville, LA",11.40,0.00,0.00,0.00,0.00,0.00,2004-11-02,2004-11-08,2
20041026,"Abbeville, LA",11.40,0.00,0.00,0.00,0.00,0.00,2004-10-26,2004-11-01,2
20041019,"Abbeville, LA",11.40,0.00,0.00,0.00,0.00,0.00,2004-10-19,2004-10-25,2
20041012,"Abbeville, LA",11.40,0.00,0.00,0.00,0.00,0.00,2004-10-12,2004-10-18,2
20041005,"Abbeville, LA",0.00,11.40,0.00,0.00,0.00,0.00,2004-10-05,2004-10-11,2
20040928,"Abbeville, LA",11.40,0.00,0.00,0.00,0.00,0.00,2004-09-28,2004-10-04,2
20040921,"Abbeville, LA",0.00,11.40,0.00,0.00,0.00,0.00,2004-09-21,2004-09-27,2
20040914,"Abbeville, LA",0.00,11.40,0.00,0.00,0.00,0.00,2004-09-14,2004-09-20,2
20040907,"Abbeville, LA",11.40,0.00,0.00,0.00,0.00,0.00,2004-09-07,2004-09-13,2
20040831,"Abbeville, LA",11.40,0.00,0.00,0.00,0.00,0.00,2004-08-31,2004-09-06,2
20040824,"Abbeville, LA",11.40,0.00,0.00,0.00,0.00,0.00,2004-08-24,2004-08-30,2
20040817,"Abbeville, LA",11.40,0.00,0.00,0.00,0.00,0.00,2004-08-17,2004-08-23,2
20040810,"Abbeville, LA",11.40,0.00,0.00,0.00,0.00,0.00,2004-08-10,2004-08-16,2
20040803,"Abbeville, LA",11.40,0.00,0.00,0.00,0.00,0.00,2004-08-03,2004-08-09,2
20040727,"Abbeville, LA",11.40,0.00,0.00,0.00,0.00,0.00,2004-07-27,2004-08-02,2
20040720,"Abbeville, LA",11.40,0.00,0.00,0.00,0.00,0.00,2004-07-20,2004-07-26,2
20040713,"Abbeville, LA",11.40,0.00,0.00,0.00,0.00,0.00,2004-07-13,2004-07-19,2
20040706,"Abbeville, LA",11.40,0.00,0.00,0.00,0.00,0.00,2004-07-06,2004-07-12,2
20040629,"Abbeville, LA",11.40,0.00,0.00,0.00,0.00,0.00,2004-06-29,2004-07-05,2
20040622,"Abbeville, LA",11.40,0.00,0.00,0.00,0.00,0.00,2004-06-22,2004-06-28,2
20040615,"Abbeville, LA",11.40,0.00,0.00,0.00,0.00,0.00,2004-06-15,2004-06-21,2
20040608,"Abbeville, LA",11.40,0.00,0.00,0.00,0.00,0.00,2004-06-08,2004-06-14,2
20040601,"Abbeville, LA",11.40,0.00,0.00,0.00,0.00,0.00,2004-06-01,2004-06-07,2
20040525,"Abbeville, LA",11.40,0.00,0.00,0.00,0.00,0.00,2004-05-25,2004-05-31,2
20040518,"Abbeville, LA",11.40,0.00,0.00,0.00,0.00,0.00,2004-05-18,2004-05-24,2
20040511,"Abbeville, LA",11.40,0.00,0.00,0.00,0.00,0.00,2004-05-11,2004-05-17,2
20040504,"Abbeville, LA",11.40,0.00,0.00,0.00,0.00,0.00,2004-05-04,2004-05-10,2
20040427,"Abbeville, LA",11.40,0.00,0.00,0.00,0.00,0.00,2004-04-27,2004-05-03,2
20040420,"Abbeville, LA",11.40,0.00,0.00,0.00,0.00,0.00,2004-04-20,2004-04-26,2
20040413,"Abbeville, LA",11.40,0.00,0.00,0.00,0.00,0.00,2004-04-13,2004-04-19,2
20040406,"Abbeville, LA",11.40,0.00,0.00,0.00,0.00,0.00,2004-04-06,2004-04-12,2
20040330,"Abbeville, LA",11.40,0.00,0.00,0.00,0.00,0.00,2004-03-30,2004-04-05,2
20040323,"Abbeville, LA",11.40,0.00,0.00,0.00,0.00,0.00,2004-03-23,2004-03-29,2
20040316,"Abbeville, LA",11.40,0.00,0.00,0.00,0.00,0.00,2004-03-16,2004-03-22,2
20040309,"Abbeville, LA",11.40,0.00,0.00,0.00,0.00,0.00,2004-03-09,2004-03-15,2
20040302,"Abbeville, LA",11.40,0.00,0.00,0.00,0.00,0.00,2004-03-02,2004-03-08,2
20040224,"Abbeville, LA",11.40,0.00,0.00,0.00,0.00,0.00,2004-02-24,2004-03-01,2
20040217,"Abbeville, LA",11.40,0.00,0.00,0.00,0.00,0.00,2004-02-17,2004-02-23,2
20040210,"Abbeville, LA",11.40,0.00,0.00,0.00,0.00,0.00,2004-02-10,2004-02-16,2
20040203,"Abbeville, LA",11.40,0.00,0.00,0.00,0.00,0.00,2004-02-03,2004-02-09,2
20040127,"Abbeville, LA",11.40,0.00,0.00,0.00,0.00,0.00,2004-01-27,2004-02-02,2
20040120,"Abbeville, LA",11.40,0.00,0.00,0.00,0.00,0.00,2004-01-20,2004-01-26,2
20040113,"Abbeville, LA",11.40,0.00,0.00,0.00,0.00,0.00,2004-01-13,2004-01-19,2
20040106,"Abbeville, LA",11.40,0.00,0.00,0.00,0.00,0.00,2004-01-06,2004-01-12,2
20031230,"Abbeville, LA",11.40,0.00,0.00,0.00,0.00,0.00,2003-12-30,2004-01-05,2
20031223,"Abbeville, LA",11.40,0.00,0.00,0.00,0.00,0.00,2003-12-23,2003-12-29,2
20031216,"Abbeville, LA",11.40,0.00,0.00,0.00,0.00,0.00,2003-12-16,2003-12-22,2
20031209,"Abbeville, LA",11.40,0.00,0.00,0.00,0.00,0.00,2003-12-09,2003-12-15,2
20031202,"Abbeville, LA",11.40,0.00,0.00,0.00,0.00,0.00,2003-12-02,2003-12-08,2
20031125,"Abbeville, LA",11.40,0.00,0.00,0.00,0.00,0.00,2003-11-25,2003-12-01,2
20031118,"Abbeville, LA",11.40,0.00,0.00,0.00,0.00,0.00,2003-11-18,2003-11-24,2
20031111,"Abbeville, LA",11.40,0.00,0.00,0.00,0.00,0.00,2003-11-11,2003-11-17,2
20031104,"Abbeville, LA",11.40,0.00,0.00,0.00,0.00,0.00,2003-11-04,2003-11-10,2
20031028,"Abbeville, LA",11.40,0.00,0.00,0.00,0.00,0.00,2003-10-28,2003-11-03,2
20031021,"Abbeville, LA",11.40,0.00,0.00,0.00,0.00,0.00,2003-10-21,2003-10-27,2
20031014,"Abbeville, LA",11.40,0.00,0.00,0.00,0.00,0.00,2003-10-14,2003-10-20,2
20031007,"Abbeville, LA",11.40,0.00,0.00,0.00,0.00,0.00,2003-10-07,2003-10-13,2
20030930,"Abbeville, LA",11.40,0.00,0.00,0.00,0.00,0.00,2003-09-30,2003-10-06,2
20030923,"Abbeville, LA",11.40,0.00,0.00,0.00,0.00,0.00,2003-09-23,2003-09-29,2
20030916,"Abbeville, LA",11.40,0.00,0.00,0.00,0.00,0.00,2003-09-16,2003-09-22,2
20030909,"Abbeville, LA",11.40,0.00,0.00,0.00,0.00,0.00,2003-09-09,2003-09-15,2
20030902,"Abbeville, LA",11.40,0.00,0.00,0.00,0.00,0.00,2003-09-02,2003-09-08,2
20030826,"Abbeville, LA",11.40,0.00,0.00,0.00,0.00,0.00,2003-08-26,2003-09-01,2
20030819,"Abbeville, LA",11.40,0.00,0.00,0.00,0.00,0.00,2003-08-19,2003-08-25,2
20030812,"Abbeville, LA",11.40,0.00,0.00,0.00,0.00,0.00,2003-08-12,2003-08-18,2
20030805,"Abbeville, LA",11.40,0.00,0.00,0.00,0.00,0.00,2003-08-05,2003-08-11,2
20030729,"Abbeville, LA",11.40,0.00,0.00,0.00,0.00,0.00,2003-07-29,2003-08-04,2
20030722,"Abbeville, LA",11.40,0.00,0.00,0.00,0.00,0.00,2003-07-22,2003-07-28,2
20030715,"Abbeville, LA",11.40,0.00,0.00,0.00,0.00,0.00,2003-07-15,2003-07-21,2
20030708,"Abbeville, LA",11.40,0.00,0.00,0.00,0.00,0.00,2003-07-08,2003-07-14,2
20030701,"Abbeville, LA",11.40,0.00,0.00,0.00,0.00,0.00,2003-07-01,2003-07-07,2
20030624,"Abbeville, LA",11.40,0.00,0.00,0.00,0.00,0.00,2003-06-24,2003-06-30,2
20030617,"Abbeville, LA",0.00,11.40,0.00,0.00,0.00,0.00,2003-06-17,2003-06-23,2
20030610,"Abbeville, LA",0.00,0.00,0.00,11.40,0.00,0.00,2003-06-10,2003-06-16,2
20030603,"Abbeville, LA",0.00,0.00,0.00,11.40,0.00,0.00,2003-06-03,2003-06-09,2
20030527,"Abbeville, LA",0.00,0.00,11.40,0.00,0.00,0.00,2003-05-27,2003-06-02,2
20030520,"Abbeville, LA",0.00,0.00,11.40,0.00,0.00,0.00,2003-05-20,2003-05-26,2
20030513,"Abbeville, LA",0.00,11.40,0.00,0.00,0.00,0.00,2003-05-13,2003-05-19,2
20030506,"Abbeville, LA",0.00,11.40,0.00,0.00,0.00,0.00,2003-05-06,2003-05-12,2
20030429,"Abbeville, LA",11.40,0.00,0.00,0.00,0.00,0.00,2003-04-29,2003-05-05,2
20030422,"Abbeville, LA",11.40,0.00,0.00,0.00,0.00,0.00,2003-04-22,2003-04-28,2
20030415,"Abbeville, LA",11.40,0.00,0.00,0.00,0.00,0.00,2003-04-15,2003-04-21,2
20030408,"Abbeville, LA",11.40,0.00,0.00,0.00,0.00,0.00,2003-04-08,2003-04-14,2
20030401,"Abbeville, LA",11.40,0.00,0.00,0.00,0.00,0.00,2003-04-01,2003-04-07,2
20030325,"Abbeville, LA",11.40,0.00,0.00,0.00,0.00,0.00,2003-03-25,2003-03-31,2
20030318,"Abbeville, LA",11.40,0.00,0.00,0.00,0.00,0.00,2003-03-18,2003-03-24,2
20030311,"Abbeville, LA",11.40,0.00,0.00,0.00,0.00,0.00,2003-03-11,2003-03-17,2
20030304,"Abbeville, LA",11.40,0.00,0.00,0.00,0.00,0.00,2003-03-04,2003-03-10,2
20030225,"Abbeville, LA",11.40,0.00,0.00,0.00,0.00,0.00,2003-02-25,2003-03-03,2
20030218,"Abbeville, LA",11.40,0.00,0.00,0.00,0.00,0.00,2003-02-18,2003-02-24,2
20030211,"Abbeville, LA",11.40,0.00,0.00,0.00,0.00,0.00,2003-02-11,2003-02-17,2
20030204,"Abbeville, LA",11.40,0.00,0.00,0.00,0.00,0.00,2003-02-04,2003-02-10,2
20030128,"Abbeville, LA",11.40,0.00,0.00,0.00,0.00,0.00,2003-01-28,2003-02-03,2
20030121,"Abbeville, LA",11.40,0.00,0.00,0.00,0.00,0.00,2003-01-21,2003-01-27,2
20030114,"Abbeville, LA",11.40,0.00,0.00,0.00,0.00,0.00,2003-01-14,2003-01-20,2
20030107,"Abbeville, LA",11.40,0.00,0.00,0.00,0.00,0.00,2003-01-07,2003-01-13,2
20021231,"Abbeville, LA",11.40,0.00,0.00,0.00,0.00,0.00,2002-12-31,2003-01-06,2
20021224,"Abbeville, LA",11.40,0.00,0.00,0.00,0.00,0.00,2002-12-24,2002-12-30,2
20021217,"Abbeville, LA",11.40,0.00,0.00,0.00,0.00,0.00,2002-12-17,2002-12-23,2
20021210,"Abbeville, LA",11.40,0.00,0.00,0.00,0.00,0.00,2002-12-10,2002-12-16,2
20021203,"Abbeville, LA",11.40,0.00,0.00,0.00,0.00,0.00,2002-12-03,2002-12-09,2
20021126,"Abbeville, LA",11.40,0.00,0.00,0.00,0.00,0.00,2002-11-26,2002-12-02,2
20021119,"Abbeville, LA",11.40,0.00,0.00,0.00,0.00,0.00,2002-11-19,2002-11-25,2
20021112,"Abbeville, LA",11.40,0.00,0.00,0.00,0.00,0.00,2002-11-12,2002-11-18,2
20021105,"Abbeville, LA",11.40,0.00,0.00,0.00,0.00,0.00,2002-11-05,2002-11-11,2
20021029,"Abbeville, LA",11.40,0.00,0.00,0.00,0.00,0.00,2002-10-29,2002-11-04,2
20021022,"Abbeville, LA",11.40,0.00,0.00,0.00,0.00,0.00,2002-10-22,2002-10-28,2
20021015,"Abbeville, LA",11.40,0.00,0.00,0.00,0.00,0.00,2002-10-15,2002-10-21,2
20021008,"Abbeville, LA",11.40,0.00,0.00,0.00,0.00,0.00,2002-10-08,2002-10-14,2
20021001,"Abbeville, LA",11.40,0.00,0.00,0.00,0.00,0.00,2002-10-01,2002-10-07,2
20020924,"Abbeville, LA",11.40,0.00,0.00,0.00,0.00,0.00,2002-09-24,2002-09-30,2
20020917,"Abbeville, LA",11.40,0.00,0.00,0.00,0.00,0.00,2002-09-17,2002-09-23,2
20020910,"Abbeville, LA",11.40,0.00,0.00,0.00,0.00,0.00,2002-09-10,2002-09-16,2
20020903,"Abbeville, LA",11.40,0.00,0.00,0.00,0.00,0.00,2002-09-03,2002-09-09,2
20020827,"Abbeville, LA",11.40,0.00,0.00,0.00,0.00,0.00,2002-08-27,2002-09-02,2
20020820,"Abbeville, LA",11.40,0.00,0.00,0.00,0.00,0.00,2002-08-20,2002-08-26,2
20020813,"Abbeville, LA",11.40,0.00,0.00,0.00,0.00,0.00,2002-08-13,2002-08-19,2
20020806,"Abbeville, LA",11.40,0.00,0.00,0.00,0.00,0.00,2002-08-06,2002-08-12,2
20020730,"Abbeville, LA",0.39,11.01,0.00,0.00,0.00,0.00,2002-07-30,2002-08-05,2
20020723,"Abbeville, LA",0.00,11.40,0.00,0.00,0.00,0.00,2002-07-23,2002-07-29,2
20020716,"Abbeville, LA",0.00,11.40,0.00,0.00,0.00,0.00,2002-07-16,2002-07-22,2
20020709,"Abbeville, LA",0.00,7.01,4.39,0.00,0.00,0.00,2002-07-09,2002-07-15,2
20020702,"Abbeville, LA",0.00,11.40,0.00,0.00,0.00,0.00,2002-07-02,2002-07-08,2
20020625,"Abbeville, LA",0.00,0.00,11.40,0.00,0.00,0.00,2002-06-25,2002-07-01,2
20020618,"Abbeville, LA",0.00,0.00,0.00,11.40,0.00,0.00,2002-06-18,2002-06-24,2
20020611,"Abbeville, LA",0.00,0.00,0.00,11.40,0.00,0.00,2002-06-11,2002-06-17,2
20020604,"Abbeville, LA",0.00,0.00,0.00,11.40,0.00,0.00,2002-06-04,2002-06-10,2
20020528,"Abbeville, LA",0.00,0.00,0.00,11.40,0.00,0.00,2002-05-28,2002-06-03,2
20020521,"Abbeville, LA",0.00,0.00,11.40,0.00,0.00,0.00,2002-05-21,2002-05-27,2
20020514,"Abbeville, LA",0.00,0.00,11.40,0.00,0.00,0.00,2002-05-14,2002-05-20,2
20020507,"Abbeville, LA",0.00,11.40,0.00,0.00,0.00,0.00,2002-05-07,2002-05-13,2
20020430,"Abbeville, LA",11.40,0.00,0.00,0.00,0.00,0.00,2002-04-30,2002-05-06,2
20020423,"Abbeville, LA",11.40,0.00,0.00,0.00,0.00,0.00,2002-04-23,2002-04-29,2
20020416,"Abbeville, LA",11.40,0.00,0.00,0.00,0.00,0.00,2002-04-16,2002-04-22,2
20020409,"Abbeville, LA",11.40,0.00,0.00,0.00,0.00,0.00,2002-04-09,2002-04-15,2
20020402,"Abbeville, LA",11.40,0.00,0.00,0.00,0.00,0.00,2002-04-02,2002-04-08,2
20020326,"Abbeville, LA",11.40,0.00,0.00,0.00,0.00,0.00,2002-03-26,2002-04-01,2
20020319,"Abbeville, LA",11.40,0.00,0.00,0.00,0.00,0.00,2002-03-19,2002-03-25,2
20020312,"Abbeville, LA",11.40,0.00,0.00,0.00,0.00,0.00,2002-03-12,2002-03-18,2
20020305,"Abbeville, LA",11.40,0.00,0.00,0.00,0.00,0.00,2002-03-05,2002-03-11,2
20020226,"Abbeville, LA",0.00,11.40,0.00,0.00,0.00,0.00,2002-02-26,2002-03-04,2
20020219,"Abbeville, LA",0.00,11.40,0.00,0.00,0.00,0.00,2002-02-19,2002-02-25,2
20020212,"Abbeville, LA",11.40,0.00,0.00,0.00,0.00,0.00,2002-02-12,2002-02-18,2
20020205,"Abbeville, LA",11.40,0.00,0.00,0.00,0.00,0.00,2002-02-05,2002-02-11,2
20020129,"Abbeville, LA",11.40,0.00,0.00,0.00,0.00,0.00,2002-01-29,2002-02-04,2
20020122,"Abbeville, LA",11.40,0.00,0.00,0.00,0.00,0.00,2002-01-22,2002-01-28,2
20020115,"Abbeville, LA",11.40,0.00,0.00,0.00,0.00,0.00,2002-01-15,2002-01-21,2
20020108,"Abbeville, LA",11.40,0.00,0.00,0.00,0.00,0.00,2002-01-08,2002-01-14,2
20020101,"Abbeville, LA",11.40,0.00,0.00,0.00,0.00,0.00,2002-01-01,2002-01-07,2
20011225,"Abbeville, LA",11.40,0.00,0.00,0.00,0.00,0.00,2001-12-25,2001-12-31,2
20011218,"Abbeville, LA",11.40,0.00,0.00,0.00,0.00,0.00,2001-12-18,2001-12-24,2
20011211,"Abbeville, LA",11.40,0.00,0.00,0.00,0.00,0.00,2001-12-11,2001-12-17,2
20011204,"Abbeville, LA",11.40,0.00,0.00,0.00,0.00,0.00,2001-12-04,2001-12-10,2
20011127,"Abbeville, LA",11.40,0.00,0.00,0.00,0.00,0.00,2001-11-27,2001-12-03,2
20011120,"Abbeville, LA",11.40,0.00,0.00,0.00,0.00,0.00,2001-11-20,2001-11-26,2
20011113,"Abbeville, LA",11.40,0.00,0.00,0.00,0.00,0.00,2001-11-13,2001-11-19,2
20011106,"Abbeville, LA",11.40,0.00,0.00,0.00,0.00,0.00,2001-11-06,2001-11-12,2
20011030,"Abbeville, LA",11.40,0.00,0.00,0.00,0.00,0.00,2001-10-30,2001-11-05,2
20011023,"Abbeville, LA",11.40,0.00,0.00,0.00,0.00,0.00,2001-10-23,2001-10-29,2
20011016,"Abbeville, LA",11.40,0.00,0.00,0.00,0.00,0.00,2001-10-16,2001-10-22,2
20011009,"Abbeville, LA",11.40,0.00,0.00,0.00,0.00,0.00,2001-10-09,2001-10-15,2
20011002,"Abbeville, LA",11.40,0.00,0.00,0.00,0.00,0.00,2001-10-02,2001-10-08,2
20010925,"Abbeville, LA",11.40,0.00,0.00,0.00,0.00,0.00,2001-09-25,2001-10-01,2
20010918,"Abbeville, LA",11.40,0.00,0.00,0.00,0.00,0.00,2001-09-18,2001-09-24,2
20010911,"Abbeville, LA",11.40,0.00,0.00,0.00,0.00,0.00,2001-09-11,2001-09-17,2
20010904,"Abbeville, LA",11.40,0.00,0.00,0.00,0.00,0.00,2001-09-04,2001-09-10,2
20010828,"Abbeville, LA",11.40,0.00,0.00,0.00,0.00,0.00,2001-08-28,2001-09-03,2
20010821,"Abbeville, LA",11.40,0.00,0.00,0.00,0.00,0.00,2001-08-21,2001-08-27,2
20010814,"Abbeville, LA",11.40,0.00,0.00,0.00,0.00,0.00,2001-08-14,2001-08-20,2
20010807,"Abbeville, LA",11.40,0.00,0.00,0.00,0.00,0.00,2001-08-07,2001-08-13,2
20010731,"Abbeville, LA",11.40,0.00,0.00,0.00,0.00,0.00,2001-07-31,2001-08-06,2
20010724,"Abbeville, LA",11.40,0.00,0.00,0.00,0.00,0.00,2001-07-24,2001-07-30,2
20010717,"Abbeville, LA",11.40,0.00,0.00,0.00,0.00,0.00,2001-07-17,2001-07-23,2
20010710,"Abbeville, LA",11.40,0.00,0.00,0.00,0.00,0.00,2001-07-10,2001-07-16,2
20010703,"Abbeville, LA",11.40,0.00,0.00,0.00,0.00,0.00,2001-07-03,2001-07-09,2
20010626,"Abbeville, LA",11.40,0.00,0.00,0.00,0.00,0.00,2001-06-26,2001-07-02,2
20010619,"Abbeville, LA",11.40,0.00,0.00,0.00,0.00,0.00,2001-06-19,2001-06-25,2
20010612,"Abbeville, LA",11.40,0.00,0.00,0.00,0.00,0.00,2001-06-12,2001-06-18,2
20010605,"Abbeville, LA",0.00,11.40,0.00,0.00,0.00,0.00,2001-06-05,2001-06-11,2
20010529,"Abbeville, LA",0.00,11.40,0.00,0.00,0.00,0.00,2001-05-29,2001-06-04,2
20010522,"Abbeville, LA",0.00,11.40,0.00,0.00,0.00,0.00,2001-05-22,2001-05-28,2
20010515,"Abbeville, LA",11.40,0.00,0.00,0.00,0.00,0.00,2001-05-15,2001-05-21,2
20010508,"Abbeville, LA",11.40,0.00,0.00,0.00,0.00,0.00,2001-05-08,2001-05-14,2
20010501,"Abbeville, LA",8.63,2.77,0.00,0.00,0.00,0.00,2001-05-01,2001-05-07,2
20010424,"Abbeville, LA",0.38,11.01,0.00,0.00,0.00,0.00,2001-04-24,2001-04-30,2
20010417,"Abbeville, LA",0.00,11.40,0.00,0.00,0.00,0.00,2001-04-17,2001-04-23,2
20010410,"Abbeville, LA",11.40,0.00,0.00,0.00,0.00,0.00,2001-04-10,2001-04-16,2
20010403,"Abbeville, LA",11.40,0.00,0.00,0.00,0.00,0.00,2001-04-03,2001-04-09,2
20010327,"Abbeville, LA",11.40,0.00,0.00,0.00,0.00,0.00,2001-03-27,2001-04-02,2
20010320,"Abbeville, LA",11.40,0.00,0.00,0.00,0.00,0.00,2001-03-20,2001-03-26,2
20010313,"Abbeville, LA",11.40,0.00,0.00,0.00,0.00,0.00,2001-03-13,2001-03-19,2
20010306,"Abbeville, LA",11.40,0.00,0.00,0.00,0.00,0.00,2001-03-06,2001-03-12,2
20010227,"Abbeville, LA",0.00,11.40,0.00,0.00,0.00,0.00,2001-02-27,2001-03-05,2
20010220,"Abbeville, LA",11.40,0.00,0.00,0.00,0.00,0.00,2001-02-20,2001-02-26,2
20010213,"Abbeville, LA",11.40,0.00,0.00,0.00,0.00,0.00,2001-02-13,2001-02-19,2
20010206,"Abbeville, LA",11.40,0.00,0.00,0.00,0.00,0.00,2001-02-06,2001-02-12,2
20010130,"Abbeville, LA",11.40,0.00,0.00,0.00,0.00,0.00,2001-01-30,2001-02-05,2
20010123,"Abbeville, LA",11.40,0.00,0.00,0.00,0.00,0.00,2001-01-23,2001-01-29,2
20010116,"Abbeville, LA",11.40,0.00,0.00,0.00,0.00,0.00,2001-01-16,2001-01-22,2
20010109,"Abbeville, LA",11.40,0.00,0.00,0.00,0.00,0.00,2001-01-09,2001-01-15,2
20010102,"Abbeville, LA",11.40,0.00,0.00,0.00,0.00,0.00,2001-01-02,2001-01-08,2
20001226,"Abbeville, LA",11.40,0.00,0.00,0.00,0.00,0.00,2000-12-26,2001-01-01,2
20001219,"Abbeville, LA",11.40,0.00,0.00,0.00,0.00,0.00,2000-12-19,2000-12-25,2
20001212,"Abbeville, LA",0.00,11.40,0.00,0.00,0.00,0.00,2000-12-12,2000-12-18,2
20001205,"Abbeville, LA",0.00,11.40,0.00,0.00,0.00,0.00,2000-12-05,2000-12-11,2
20001128,"Abbeville, LA",0.00,11.40,0.00,0.00,0.00,0.00,2000-11-28,2000-12-04,2
20001121,"Abbeville, LA",0.00,0.00,0.00,11.40,0.00,0.00,2000-11-21,2000-11-27,2
20001114,"Abbeville, LA",0.00,0.00,0.00,0.00,11.40,0.00,2000-11-14,2000-11-20,2
20001107,"Abbeville, LA",0.00,0.00,0.00,0.00,11.40,0.00,2000-11-07,2000-11-13,2
20001031,"Abbeville, LA",0.00,0.00,0.00,0.00,11.40,0.00,2000-10-31,2000-11-06,2
20001024,"Abbeville, LA",0.00,0.00,0.00,0.00,11.40,0.00,2000-10-24,2000-10-30,2
20001017,"Abbeville, LA",0.00,0.00,0.00,0.85,10.55,0.00,2000-10-17,2000-10-23,2
20001010,"Abbeville, LA",0.00,0.00,0.00,11.40,0.00,0.00,2000-10-10,2000-10-16,2
20001003,"Abbeville, LA",0.00,0.00,0.00,0.00,11.40,0.00,2000-10-03,2000-10-09,2
20000926,"Abbeville, LA",0.00,0.00,0.00,0.00,11.40,0.00,2000-09-26,2000-10-02,2
20000919,"Abbeville, LA",0.00,0.00,0.00,0.00,11.40,0.00,2000-09-19,2000-09-25,2
20000912,"Abbeville, LA",0.00,0.00,0.00,0.00,11.40,0.00,2000-09-12,2000-09-18,2
20000905,"Abbeville, LA",0.00,0.00,0.00,0.00,0.00,11.40,2000-09-05,2000-09-11,2
20000829,"Abbeville, LA",0.00,0.00,0.00,0.00,11.40,0.00,2000-08-29,2000-09-04,2
20000822,"Abbeville, LA",0.00,0.00,0.00,0.00,11.40,0.00,2000-08-22,2000-08-28,2
20000815,"Abbeville, LA",0.00,0.00,0.00,7.94,3.46,0.00,2000-08-15,2000-08-21,2
20000808,"Abbeville, LA",0.00,0.00,0.00,11.40,0.00,0.00,2000-08-08,2000-08-14,2
20000801,"Abbeville, LA",0.00,0.00,0.00,11.40,0.00,0.00,2000-08-01,2000-08-07,2
20000725,"Abbeville, LA",0.00,0.00,0.00,11.40,0.00,0.00,2000-07-25,2000-07-31,2
20000718,"Abbeville, LA",0.00,0.00,0.00,11.40,0.00,0.00,2000-07-18,2000-07-24,2
20000711,"Abbeville, LA",0.00,0.00,0.00,11.40,0.00,0.00,2000-07-11,2000-07-17,2
20000704,"Abbeville, LA",0.00,0.00,0.00,11.40,0.00,0.00,2000-07-04,2000-07-10,2
20000627,"Abbeville, LA",0.00,0.00,0.00,0.00,11.40,0.00,2000-06-27,2000-07-03,2
20000620,"Abbeville, LA",0.00,0.00,0.00,0.00,11.40,0.00,2000-06-20,2000-06-26,2
20000613,"Abbeville, LA",0.00,0.00,0.00,0.00,11.40,0.00,2000-06-13,2000-06-19,2
20000606,"Abbeville, LA",0.00,0.00,0.00,0.00,11.40,0.00,2000-06-06,2000-06-12,2
20000530,"Abbeville, LA",0.00,0.00,0.00,0.00,11.40,0.00,2000-05-30,2000-06-05,2
20000523,"Abbeville, LA",0.00,0.00,0.00,0.00,11.40,0.00,2000-05-23,2000-05-29,2
20000516,"Abbeville, LA",0.00,0.00,0.00,0.00,11.40,0.00,2000-05-16,2000-05-22,2
20000509,"Abbeville, LA",0.00,0.00,0.00,0.00,11.40,0.00,2000-05-09,2000-05-15,2
20000502,"Abbeville, LA",0.00,0.00,0.00,0.00,11.40,0.00,2000-05-02,2000-05-08,2
20000425,"Abbeville, LA",0.00,0.00,0.00,0.00,11.40,0.00,2000-04-25,2000-05-01,2
20000418,"Abbeville, LA",0.00,0.00,0.00,11.40,0.00,0.00,2000-04-18,2000-04-24,2
20000411,"Abbeville, LA",0.00,0.00,0.00,11.40,0.00,0.00,2000-04-11,2000-04-17,2
20000404,"Abbeville, LA",0.00,0.00,0.00,11.40,0.00,0.00,2000-04-04,2000-04-10,2
20000328,"Abbeville, LA",0.00,0.00,0.00,11.40,0.00,0.00,2000-03-28,2000-04-03,2
20000321,"Abbeville, LA",0.00,0.00,0.00,11.40,0.00,0.00,2000-03-21,2000-03-27,2
20000314,"Abbeville, LA",0.00,0.00,0.00,11.40,0.00,0.00,2000-03-14,2000-03-20,2
20000307,"Abbeville, LA",0.00,0.00,0.00,11.40,0.00,0.00,2000-03-07,2000-03-13,2
20000229,"Abbeville, LA",0.00,0.00,0.00,11.40,0.00,0.00,2000-02-29,2000-03-06,2
20000222,"Abbeville, LA",0.00,0.00,11.40,0.00,0.00,0.00,2000-02-22,2000-02-28,2
20000215,"Abbeville, LA",0.00,0.00,11.40,0.00,0.00,0.00,2000-02-15,2000-02-21,2
20000208,"Abbeville, LA",0.00,0.00,11.40,0.00,0.00,0.00,2000-02-08,2000-02-14,2
20000201,"Abbeville, LA",0.00,0.00,11.40,0.00,0.00,0.00,2000-02-01,2000-02-07,2
20000125,"Abbeville, LA",0.00,0.00,11.40,0.00,0.00,0.00,2000-01-25,2000-01-31,2
20000118,"Abbeville, LA",0.00,0.00,11.40,0.00,0.00,0.00,2000-01-18,2000-01-24,2
20000111,"Abbeville, LA",0.00,0.00,11.40,0.00,0.00,0.00,2000-01-11,2000-01-17,2
20000104,"Abbeville, LA",0.00,0.00,11.40,0.00,0.00,0.00,2000-01-04,2000-01-10,2
